product_key,quantity_sold,return_quantity,product_brand,product_name,return_rate_pct
574,478,14.0,Shady Lake,Shady Lake Spaghetti,2.928870292887029
1432,601,17.0,Hermanos,Hermanos Red Pepper,2.828618968386023
581,538,15.0,Walrus,Walrus Merlot Wine,2.7881040892193307
564,467,13.0,Atomic,Atomic Tasty Candy Bar,2.7837259100642395
1461,554,15.0,Hermanos,Hermanos Oranges,2.707581227436823
522,534,14.0,Tell Tale,Tell Tale Walnuts,2.6217228464419478
81,496,13.0,Blue Medal,Blue Medal Egg Substitute,2.620967741935484
497,572,14.0,Tell Tale,Tell Tale Cauliflower,2.4475524475524475
833,550,13.0,Ebony,Ebony Walnuts,2.3636363636363638
1179,555,13.0,Horatio,Horatio Sesame Crackers,2.3423423423423424
238,518,12.0,Best Choice,Best Choice Beef Jerky,2.3166023166023164
1169,519,12.0,Horatio,Horatio Low Fat Popcorn,2.312138728323699
469,563,13.0,Red Wing,Red Wing Silver Cleaner,2.3090586145648313
307,610,14.0,Super,Super Creamy Peanut Butter,2.2950819672131146
710,523,12.0,Imagine,Imagine Blueberry Waffles,2.294455066921606
1164,482,11.0,Horatio,Horatio Lemon Cookies,2.2821576763485476
102,526,12.0,Golden,Golden Lime Popsicles,2.2813688212927756
1487,578,13.0,Fort West,Fort West Beef Jerky,2.249134948096886
169,451,10.0,Robust,Robust Monthly Home Magazine,2.2172949002217295
180,498,11.0,High Top,High Top Shitake Mushrooms,2.208835341365462
887,640,14.0,Monarch,Monarch Rice Medly,2.1875
1157,505,11.0,Horatio,Horatio Corn Chips,2.178217821782178
477,599,13.0,Dollar,Dollar Monthly Sports Magazine,2.1702838063439067
1230,553,12.0,Plato,Plato Corn Oil,2.1699819168173597
1039,554,12.0,PigTail,PigTail Home Style French Fries,2.166064981949458
1147,558,12.0,Tri-State,Tri-State Honey Dew,2.1505376344086025
854,559,12.0,Nationeel,Nationeel Salsa Dip,2.146690518783542
866,561,12.0,Nationeel,Nationeel Apple Fruit Roll,2.13903743315508
1395,515,11.0,Sunset,Sunset AA-Size Batteries,2.1359223300970873
1337,610,13.0,Carrington,Carrington Blueberry Waffles,2.1311475409836063
1178,521,11.0,Horatio,Horatio Low Fat Chips,2.111324376199616
1243,571,12.0,Plato,Plato Apple Jam,2.1015761821366024
396,524,11.0,Big Time,Big Time Frozen Pancakes,2.099236641221374
1201,527,11.0,Colossal,Colossal Spaghetti,2.0872865275142316
310,576,12.0,Super,Super Apple Preserves,2.083333333333333
177,481,10.0,High Top,High Top Prepared Salad,2.079002079002079
466,531,11.0,Red Wing,Red Wing Frying Pan,2.0715630885122414
1073,532,11.0,High Quality,High Quality Plastic Knives,2.0676691729323307
620,484,10.0,Landslide,Landslide Extra Chunky Peanut Butter,2.066115702479339
658,539,11.0,Bravo,Bravo Fancy Canned Sardines,2.0408163265306123
993,588,12.0,Even Better,Even Better Large Curd Cottage Cheese,2.0408163265306123
1041,590,12.0,PigTail,PigTail Ice Cream,2.0338983050847457
47,493,10.0,Club,Club Muenster Cheese,2.028397565922921
1158,494,10.0,Horatio,Horatio Low Fat BBQ Chips,2.0242914979757085
462,544,11.0,Red Wing,Red Wing Toilet Paper,2.0220588235294117
416,594,12.0,Big Time,Big Time Frozen Cauliflower,2.0202020202020203
3,447,9.0,Washington,Washington Strawberry Drink,2.013422818791946
343,498,10.0,Better,Better Large Canned Shrimp,2.0080321285140563
558,549,11.0,Fast,Fast Grape Fruit Roll,2.0036429872495445
397,500,10.0,Big Time,Big Time Low Fat French Fries,2.0
1083,552,11.0,High Quality,High Quality 25 Watt Lightbulb,1.9927536231884055
1406,503,10.0,Sunset,Sunset Bees Wax Candles,1.9880715705765408
195,504,10.0,High Top,High Top Almonds,1.984126984126984
1212,556,11.0,Sphinx,Sphinx Pumpernickel Bread,1.9784172661870503
545,558,11.0,Fast,Fast Salted Pretzels,1.971326164874552
1181,510,10.0,Horatio,Horatio Dried Apples,1.9607843137254901
687,510,10.0,Cutting Edge,Cutting Edge Beef Bologna,1.9607843137254901
1211,563,11.0,Portsmouth,Portsmouth Light Beer,1.9538188277087036
1321,468,9.0,Lake,Lake Corned Beef,1.9230769230769231
1167,468,9.0,Horatio,Horatio Buttered Popcorn,1.9230769230769231
159,523,10.0,Denny,Denny Copper Pot Scrubber,1.9120458891013385
936,524,10.0,BBB Best,BBB Best Extra Chunky Peanut Butter,1.9083969465648856
98,525,10.0,Golden,Golden Beef TV Dinner,1.9047619047619049
1165,580,11.0,Horatio,Horatio Graham Crackers,1.896551724137931
1519,477,9.0,Top Measure,Top Measure Merlot Wine,1.8867924528301887
76,533,10.0,Red Spade,Red Spade Sliced Chicken,1.876172607879925
782,480,9.0,Cormorant,Cormorant Economy Toilet Brush,1.875
1098,481,9.0,High Quality,High Quality Economy Toilet Brush,1.8711018711018712
181,481,9.0,High Top,High Top Lettuce,1.8711018711018712
1327,482,9.0,Giant,Giant Large Brown Eggs,1.8672199170124482
32,482,9.0,Blue Label,Blue Label Large Canned Shrimp,1.8672199170124482
1072,484,9.0,High Quality,High Quality Plastic Spoons,1.859504132231405
1241,540,10.0,Plato,Plato Apple Jelly,1.8518518518518516
48,541,10.0,Club,Club String Cheese,1.8484288354898337
1306,490,9.0,Booker,Booker Buttermilk,1.8367346938775513
982,546,10.0,Even Better,Even Better Low Fat Sour Cream,1.8315018315018317
1102,546,10.0,Genteel,Genteel Extra Lean Hamburger,1.8315018315018317
988,602,11.0,Even Better,Even Better Havarti Cheese,1.8272425249169437
1137,495,9.0,Tri-State,Tri-State Lemons,1.8181818181818181
316,551,10.0,Excellent,Excellent Diet Soda,1.8148820326678767
126,551,10.0,Faux Products,Faux Products HCL Nasal Spray,1.8148820326678767
1458,496,9.0,Hermanos,Hermanos Honey Dew,1.8145161290322582
342,607,11.0,Better,Better Canned Tuna in Oil,1.8121911037891267
495,498,9.0,Tell Tale,Tell Tale Garlic,1.8072289156626504
29,554,10.0,Blue Label,Blue Label Chicken Ramen Soup,1.8050541516245486
1362,665,12.0,Hilltop,Hilltop Silky Smooth Hair Conditioner,1.8045112781954888
120,499,9.0,Faux Products,Faux Products Angled Toothbrush,1.8036072144288577
471,555,10.0,Red Wing,Red Wing Economy Toilet Brush,1.8018018018018018
163,555,10.0,Denny,Denny Screw Driver,1.8018018018018018
1232,557,10.0,Plato,Plato Canola Oil,1.7953321364452424
265,558,10.0,Medalist,Medalist Rice Medly,1.7921146953405016
509,505,9.0,Tell Tale,Tell Tale Red Delcious Apples,1.782178217821782
1464,449,8.0,Amigo,Amigo Lox,1.7817371937639197
1161,618,11.0,Horatio,Horatio Fudge Cookies,1.779935275080906
767,562,10.0,Cormorant,Cormorant 25 Watt Lightbulb,1.7793594306049825
40,450,8.0,King,King Rosy Sunglasses,1.7777777777777777
759,508,9.0,Cormorant,Cormorant 100 Watt Lightbulb,1.7716535433070866
1246,508,9.0,Plato,Plato Strawberry Preserves,1.7716535433070866
789,508,9.0,Excel,Excel Monthly Auto Magazine,1.7716535433070866
678,511,9.0,Gorilla,Gorilla 2% Milk,1.761252446183953
730,569,10.0,Imagine,Imagine Frozen Peas,1.7574692442882252
1106,513,9.0,Mighty Good,Mighty Good Monthly Computer Magazine,1.7543859649122806
610,572,10.0,Landslide,Landslide Low Fat Apple Butter,1.7482517482517483
1498,516,9.0,Fort West,Fort West Raisins,1.744186046511628
190,516,9.0,High Top,High Top Dried Mushrooms,1.744186046511628
1546,517,9.0,CDR,CDR Strawberry Jelly,1.7408123791102514
623,575,10.0,Token,Token Berry Juice,1.7391304347826086
105,521,9.0,Golden,Golden Frozen Cauliflower,1.727447216890595
856,581,10.0,Nationeel,Nationeel Salted Pretzels,1.7211703958691909
1285,523,9.0,Pleasant,Pleasant Fancy Canned Sardines,1.7208413001912046
82,523,9.0,Golden,Golden Low Fat Waffles,1.7208413001912046
1484,524,9.0,Fort West,Fort West Cheese Dip,1.717557251908397
1375,525,9.0,Hilltop,Hilltop HCL Nasal Spray,1.7142857142857144
1273,467,8.0,Pleasant,Pleasant Regular Ramen Soup,1.7130620985010707
460,586,10.0,Red Wing,Red Wing Soft Napkins,1.7064846416382253
734,469,8.0,Imagine,Imagine Lemon Popsicles,1.7057569296375266
9,469,8.0,Washington,Washington Cranberry Juice,1.7057569296375266
1348,528,9.0,Carrington,Carrington Pancake Mix,1.7045454545454544
1372,587,10.0,Hilltop,Hilltop Buffered Aspirin,1.7035775127768313
1357,587,10.0,Carrington,Carrington Frozen Peas,1.7035775127768313
1214,529,9.0,Sphinx,Sphinx Rye Bread,1.7013232514177694
1053,529,9.0,Bird Call,Bird Call Whitening Toothpast,1.7013232514177694
1503,529,9.0,Gulf Coast,Gulf Coast Mint Chocolate Bar,1.7013232514177694
1266,531,9.0,Pleasant,Pleasant Creamed Corn,1.694915254237288
986,531,9.0,Even Better,Even Better String Cheese,1.694915254237288
1155,532,9.0,Horatio,Horatio Low Fat Cookies,1.6917293233082706
547,592,10.0,Fast,Fast Fondue Mix,1.6891891891891893
1135,536,9.0,Tri-State,Tri-State Golden Delcious Apples,1.6791044776119404
874,538,9.0,Nationeel,Nationeel Frosted Donuts,1.6728624535315983
911,538,9.0,BBB Best,BBB Best Chunky Peanut Butter,1.6728624535315983
601,479,8.0,Landslide,Landslide Regular Coffee,1.6701461377870561
954,540,9.0,Just Right,Just Right Canned Beets,1.6666666666666667
719,482,8.0,Imagine,Imagine Chicken TV Dinner,1.6597510373443984
1104,604,10.0,Mighty Good,Mighty Good Monthly Sports Magazine,1.6556291390728477
1401,544,9.0,Sunset,Sunset Tissues,1.6544117647058825
485,544,9.0,Tell Tale,Tell Tale Sweet Peas,1.6544117647058825
1085,545,9.0,High Quality,High Quality D-Size Batteries,1.651376146788991
442,545,9.0,Steady,Steady Mint Mouthwash,1.651376146788991
779,547,9.0,Cormorant,Cormorant Bees Wax Candles,1.6453382084095063
1279,547,9.0,Pleasant,Pleasant Canned Tuna in Water,1.6453382084095063
1123,608,10.0,Tri-State,Tri-State Potatos,1.644736842105263
899,609,10.0,Pearl,Pearl White Zinfandel Wine,1.6420361247947455
906,549,9.0,Fantastic,Fantastic Muffins,1.639344262295082
964,611,10.0,Just Right,Just Right Turkey Noodle Soup,1.6366612111292964
749,489,8.0,Consolidated,Consolidated Dishwasher Detergent,1.6359918200409
1392,612,10.0,Sunset,Sunset Counter Cleaner,1.6339869281045754
822,551,9.0,Ebony,Ebony Fancy Plums,1.6333938294010888
1447,551,9.0,Hermanos,Hermanos Red Delcious Apples,1.6333938294010888
809,430,7.0,Ebony,Ebony Tomatos,1.627906976744186
19,553,9.0,Blue Label,Blue Label Chicken Soup,1.62748643761302
481,553,9.0,Dollar,Dollar Monthly Fashion Magazine,1.62748643761302
530,492,8.0,Fast,Fast Corn Chips,1.6260162601626018
559,492,8.0,Fast,Fast Dried Dates,1.6260162601626018
64,432,7.0,Red Spade,Red Spade Pimento Loaf,1.6203703703703702
694,495,8.0,Cutting Edge,Cutting Edge Corned Beef,1.6161616161616161
144,496,8.0,Denny,Denny Glass Cleaner,1.6129032258064515
1105,496,8.0,Mighty Good,Mighty Good Monthly Auto Magazine,1.6129032258064515
985,497,8.0,Even Better,Even Better Muenster Cheese,1.6096579476861168
22,497,8.0,Blue Label,Blue Label Canned Tomatos,1.6096579476861168
327,497,8.0,Better,Better Canned Beets,1.6096579476861168
1149,560,9.0,Tri-State,Tri-State Walnuts,1.607142857142857
995,561,9.0,Even Better,Even Better Buttermilk,1.6042780748663104
1148,499,8.0,Tri-State,Tri-State Fuji Apples,1.6032064128256511
484,499,8.0,Tell Tale,Tell Tale Asparagus,1.6032064128256511
1475,500,8.0,Fort West,Fort West Lemon Cookies,1.6
1540,564,9.0,CDR,CDR Vegetable Oil,1.5957446808510638
1033,504,8.0,PigTail,PigTail Frozen Carrots,1.5873015873015872
549,630,10.0,Fast,Fast Beef Jerky,1.5873015873015872
188,568,9.0,High Top,High Top Mushrooms,1.584507042253521
1014,505,8.0,American,American Sliced Chicken,1.5841584158415842
250,634,10.0,Best Choice,Best Choice Golden Raisins,1.5772870662460567
784,508,8.0,Cormorant,Cormorant Large Sponge,1.574803149606299
938,574,9.0,BBB Best,BBB Best Grape Jelly,1.5679442508710801
929,574,9.0,BBB Best,BBB Best Oregano,1.5679442508710801
1043,511,8.0,PigTail,PigTail Frozen Cauliflower,1.5655577299412915
1456,575,9.0,Hermanos,Hermanos Sweet Onion,1.565217391304348
231,639,10.0,Best Choice,Best Choice Low Fat Popcorn,1.5649452269170578
1100,576,9.0,High Quality,High Quality Large Sponge,1.5625
324,448,7.0,Best,Best Corn Puffs,1.5625
1025,512,8.0,PigTail,PigTail Frozen Sausage Pizza,1.5625
365,512,8.0,Carlson,Carlson Mild Cheddar Cheese,1.5625
675,512,8.0,Gorilla,Gorilla Sharp Cheddar Cheese,1.5625
1551,385,6.0,CDR,CDR Oregano,1.5584415584415585
1342,578,9.0,Carrington,Carrington Frozen Mushroom Pizza,1.5570934256055362
16,451,7.0,Blue Label,Blue Label Canned Beets,1.5521064301552108
952,645,10.0,Special,Special Wheat Puffs,1.550387596899225
850,516,8.0,Nationeel,Nationeel Cheese Crackers,1.550387596899225
1298,582,9.0,Booker,Booker Low Fat String Cheese,1.5463917525773196
862,582,9.0,Nationeel,Nationeel Low Fat Chips,1.5463917525773196
1295,582,9.0,Booker,Booker Jack Cheese,1.5463917525773196
742,518,8.0,Consolidated,Consolidated Angled Toothbrush,1.5444015444015444
544,583,9.0,Fast,Fast Avocado Dip,1.5437392795883362
1233,519,8.0,Plato,Plato Grape Preserves,1.5414258188824663
1488,519,8.0,Fort West,Fort West Chocolate Donuts,1.5414258188824663
1251,586,9.0,Skinner,Skinner Mango Drink,1.5358361774744027
668,521,8.0,Gorilla,Gorilla Jack Cheese,1.5355086372360844
467,521,8.0,Red Wing,Red Wing Copper Cleaner,1.5355086372360844
1140,523,8.0,Tri-State,Tri-State Peaches,1.5296367112810707
419,589,9.0,Big Time,Big Time Frozen Peas,1.5280135823429541
958,589,9.0,Just Right,Just Right Canned Yams,1.5280135823429541
1417,589,9.0,Gauss,Gauss Monthly Computer Magazine,1.5280135823429541
6,524,8.0,Washington,Washington Cola,1.5267175572519083
714,590,9.0,Imagine,Imagine Frozen Cheese Pizza,1.5254237288135595
4,459,7.0,Washington,Washington Cream Soda,1.5250544662309369
536,525,8.0,Fast,Fast Potato Chips,1.5238095238095237
886,460,7.0,Monarch,Monarch Thai Rice,1.5217391304347827
636,526,8.0,Radius,Radius Wheat Puffs,1.520912547528517
1210,527,8.0,Portsmouth,Portsmouth White Zinfandel Wine,1.5180265654648957
1200,593,9.0,Colossal,Colossal Manicotti,1.5177065767284992
900,593,9.0,Pearl,Pearl Light Beer,1.5177065767284992
1182,594,9.0,Horatio,Horatio Apple Fruit Roll,1.5151515151515151
1156,529,8.0,Horatio,Horatio BBQ Potato Chips,1.5122873345935728
1144,463,7.0,Tri-State,Tri-State Canned Peanuts,1.511879049676026
74,530,8.0,Red Spade,Red Spade Sliced Ham,1.509433962264151
795,530,8.0,Ebony,Ebony Asparagus,1.509433962264151
981,464,7.0,Even Better,Even Better Low Fat Cottage Cheese,1.5086206896551724
1183,531,8.0,Horatio,Horatio Strawberry Fruit Roll,1.5065913370998116
1096,531,8.0,High Quality,High Quality Silver Cleaner,1.5065913370998116
800,465,7.0,Ebony,Ebony Onions,1.5053763440860215
1429,599,9.0,Hermanos,Hermanos Shitake Mushrooms,1.5025041736227045
520,533,8.0,Tell Tale,Tell Tale Honey Dew,1.5009380863039399
1271,533,8.0,Pleasant,Pleasant Canned Tomatos,1.5009380863039399
868,600,9.0,Nationeel,Nationeel Raspberry Fruit Roll,1.5
561,467,7.0,Fast,Fast Golden Raisins,1.4989293361884368
487,535,8.0,Tell Tale,Tell Tale Beets,1.4953271028037385
313,602,9.0,Excellent,Excellent Mango Drink,1.495016611295681
999,602,9.0,Even Better,Even Better Strawberry Yogurt,1.495016611295681
832,536,8.0,Ebony,Ebony Fuji Apples,1.4925373134328357
1425,537,8.0,Hermanos,Hermanos Beets,1.48975791433892
953,537,8.0,Special,Special Grits,1.48975791433892
851,537,8.0,Nationeel,Nationeel Buttered Popcorn,1.48975791433892
702,470,7.0,Jumbo,Jumbo Large Eggs,1.4893617021276597
792,471,7.0,Excel,Excel Monthly Fashion Magazine,1.48619957537155
700,404,6.0,Jumbo,Jumbo Large Brown Eggs,1.4851485148514851
490,539,8.0,Tell Tale,Tell Tale Green Pepper,1.4842300556586272
170,474,7.0,Robust,Robust Monthly Fashion Magazine,1.4767932489451476
439,542,8.0,Steady,Steady Multi-Symptom Cold Remedy,1.4760147601476015
1099,542,8.0,High Quality,High Quality Scissors,1.4760147601476015
182,542,8.0,High Top,High Top Elephant Garlic,1.4760147601476015
491,476,7.0,Tell Tale,Tell Tale Shitake Mushrooms,1.4705882352941175
1008,544,8.0,American,American Cole Slaw,1.4705882352941175
1141,545,8.0,Tri-State,Tri-State Broccoli,1.4678899082568808
1187,477,7.0,Horatio,Horatio Raisins,1.4675052410901468
1294,477,7.0,Booker,Booker Sour Cream,1.4675052410901468
229,479,7.0,Best Choice,Best Choice Buttered Popcorn,1.4613778705636742
902,548,8.0,Fantastic,Fantastic White Bread,1.4598540145985401
130,549,8.0,Faux Products,Faux Products Laundry Detergent,1.4571948998178506
843,482,7.0,Nationeel,Nationeel Sugar Cookies,1.4522821576763485
1393,551,8.0,Sunset,Sunset Glass Cleaner,1.4519056261343013
961,551,8.0,Just Right,Just Right Noodle Soup,1.4519056261343013
468,552,8.0,Red Wing,Red Wing Bees Wax Candles,1.4492753623188406
727,483,7.0,Imagine,Imagine Frozen Cauliflower,1.4492753623188406
869,622,9.0,Nationeel,Nationeel Grape Fruit Roll,1.4469453376205788
824,484,7.0,Ebony,Ebony Peaches,1.4462809917355373
49,484,7.0,Club,Club Low Fat String Cheese,1.4462809917355373
348,554,8.0,Better,Better Rice Soup,1.444043321299639
252,554,8.0,Best Choice,Best Choice Frosted Donuts,1.444043321299639
128,554,8.0,Faux Products,Faux Products Multi-Symptom Cold Remedy,1.444043321299639
521,555,8.0,Tell Tale,Tell Tale Fuji Apples,1.4414414414414414
1208,555,8.0,Portsmouth,Portsmouth Merlot Wine,1.4414414414414414
644,556,8.0,Bravo,Bravo Canned Tomatos,1.4388489208633095
611,557,8.0,Landslide,Landslide Salt,1.436265709156194
661,558,8.0,Applause,Applause Canned Peaches,1.4336917562724014
863,558,8.0,Nationeel,Nationeel Sesame Crackers,1.4336917562724014
38,489,7.0,Green Ribbon,Green Ribbon Canned Mixed Fruit,1.4314928425357873
681,489,7.0,Gorilla,Gorilla 1% Milk,1.4314928425357873
1514,489,7.0,Jardon,Jardon Rice Medly,1.4314928425357873
881,559,8.0,Thresher,Thresher Mints,1.4311270125223614
861,559,8.0,Nationeel,Nationeel Chocolate Donuts,1.4311270125223614
167,490,7.0,Robust,Robust Monthly Auto Magazine,1.4285714285714286
1538,562,8.0,CDR,CDR Decaf Coffee,1.4234875444839856
1405,562,8.0,Sunset,Sunset Copper Cleaner,1.4234875444839856
541,562,8.0,Fast,Fast No Salt Popcorn,1.4234875444839856
211,492,7.0,High Top,High Top Walnuts,1.4227642276422763
1114,493,7.0,Tri-State,Tri-State Beets,1.4198782961460445
253,493,7.0,Choice,Choice Tasty Candy Bar,1.4198782961460445
1291,634,9.0,Framton,Framton City Map,1.4195583596214512
1472,565,8.0,Fort West,Fort West Fudge Cookies,1.415929203539823
91,424,6.0,Golden,Golden Frozen Pepperoni Pizza,1.4150943396226416
176,495,7.0,High Top,High Top Beets,1.4141414141414141
12,566,8.0,Jeffers,Jeffers Oatmeal,1.4134275618374559
1450,566,8.0,Hermanos,Hermanos Plums,1.4134275618374559
1076,496,7.0,High Quality,High Quality AAA-Size Batteries,1.411290322580645
1555,496,7.0,CDR,CDR Strawberry Jam,1.411290322580645
865,638,9.0,Nationeel,Nationeel Dried Apples,1.4106583072100314
17,498,7.0,Blue Label,Blue Label Creamed Corn,1.4056224899598393
1364,499,7.0,Hilltop,Hilltop Whitening Toothpast,1.402805611222445
739,499,7.0,Consolidated,Consolidated Deodorant,1.402805611222445
928,642,9.0,BBB Best,BBB Best Apple Butter,1.4018691588785046
376,642,9.0,Moms,Moms Beef Bologna,1.4018691588785046
904,571,8.0,Fantastic,Fantastic English Muffins,1.4010507880910683
1218,572,8.0,Sphinx,Sphinx Bagels,1.3986013986013985
918,572,8.0,BBB Best,BBB Best Vegetable Oil,1.3986013986013985
1506,572,8.0,Gulf Coast,Gulf Coast Bubble Gum,1.3986013986013985
1377,573,8.0,Hilltop,Hilltop Multi-Symptom Cold Remedy,1.3961605584642234
1194,502,7.0,Musial,Musial Semi-Sweet Chocolate Bar,1.394422310756972
921,574,8.0,BBB Best,BBB Best Canola Oil,1.3937282229965158
166,503,7.0,Robust,Robust Monthly Sports Magazine,1.3916500994035785
457,575,8.0,Red Wing,Red Wing AA-Size Batteries,1.391304347826087
409,577,8.0,Big Time,Big Time Beef TV Dinner,1.386481802426343
816,505,7.0,Ebony,Ebony Firm Tofu,1.3861386138613863
412,505,7.0,Big Time,Big Time Home Style French Fries,1.3861386138613863
294,433,6.0,Super,Super Canola Oil,1.3856812933025404
486,578,8.0,Tell Tale,Tell Tale New Potatos,1.384083044982699
1448,578,8.0,Hermanos,Hermanos Lemons,1.384083044982699
350,578,8.0,Swell,Swell Canned Peaches,1.384083044982699
1418,506,7.0,Gauss,Gauss Monthly Home Magazine,1.383399209486166
1525,579,8.0,Modell,Modell Rye Bread,1.381692573402418
733,579,8.0,Imagine,Imagine Frozen Chicken Wings,1.381692573402418
337,579,8.0,Better,Better Turkey Noodle Soup,1.381692573402418
908,580,8.0,Fantastic,Fantastic Blueberry Muffins,1.3793103448275863
122,508,7.0,Faux Products,Faux Products Childrens Aspirin,1.3779527559055118
774,508,7.0,Cormorant,Cormorant Tissues,1.3779527559055118
1075,508,7.0,High Quality,High Quality 100 Watt Lightbulb,1.3779527559055118
1045,508,7.0,PigTail,PigTail Frozen Corn,1.3779527559055118
325,581,8.0,Best,Best Wheat Puffs,1.376936316695353
663,581,8.0,Akron,Akron Eyeglass Screwdriver,1.376936316695353
1376,581,8.0,Hilltop,Hilltop Dishwasher Detergent,1.376936316695353
1132,509,7.0,Tri-State,Tri-State Firm Tofu,1.37524557956778
45,510,7.0,Club,Club Sour Cream,1.3725490196078431
571,584,8.0,Atomic,Atomic White Chocolate Bar,1.36986301369863
100,511,7.0,Golden,Golden Grape Popsicles,1.36986301369863
93,512,7.0,Golden,Golden Frozen Mushroom Pizza,1.3671875
1314,513,7.0,Lake,Lake Beef Bologna,1.364522417153996
1433,514,7.0,Hermanos,Hermanos Garlic,1.3618677042801557
697,514,7.0,Cutting Edge,Cutting Edge Potato Salad,1.3618677042801557
196,514,7.0,High Top,High Top Macintosh Apples,1.3618677042801557
836,588,8.0,Ebony,Ebony Party Nuts,1.3605442176870748
249,515,7.0,Best Choice,Best Choice Raisins,1.3592233009708738
763,515,7.0,Cormorant,Cormorant 75 Watt Lightbulb,1.3592233009708738
289,515,7.0,Super,Super Decaf Coffee,1.3592233009708738
277,663,9.0,Great,Great English Muffins,1.3574660633484164
366,516,7.0,Carlson,Carlson Large Curd Cottage Cheese,1.3565891472868217
631,590,8.0,Token,Token Cranberry Juice,1.3559322033898304
62,517,7.0,Club,Club Blueberry Yogurt,1.3539651837524178
1319,517,7.0,Lake,Lake Cole Slaw,1.3539651837524178
842,518,7.0,Nationeel,Nationeel Low Fat BBQ Chips,1.3513513513513513
103,518,7.0,Golden,Golden Ice Cream,1.3513513513513513
1483,519,7.0,Fort West,Fort West Salted Pretzels,1.348747591522158
735,594,8.0,Consolidated,Consolidated Silky Smooth Hair Conditioner,1.3468013468013467
1454,594,8.0,Hermanos,Hermanos Mixed Nuts,1.3468013468013467
682,446,6.0,Gorilla,Gorilla Whole Milk,1.345291479820628
1134,595,8.0,Tri-State,Tri-State Macintosh Apples,1.3445378151260505
354,521,7.0,Carlson,Carlson Low Fat Cottage Cheese,1.3435700575815739
1026,522,7.0,PigTail,PigTail Blueberry Waffles,1.3409961685823755
1204,597,8.0,Portsmouth,Portsmouth Imported Beer,1.340033500837521
1353,598,8.0,Carrington,Carrington Ice Cream Sandwich,1.3377926421404682
434,524,7.0,Steady,Steady Buffered Aspirin,1.3358778625954197
1198,524,7.0,Musial,Musial White Chocolate Bar,1.3358778625954197
860,524,7.0,Nationeel,Nationeel Beef Jerky,1.3358778625954197
1441,599,8.0,Hermanos,Hermanos Squash,1.335559265442404
506,525,7.0,Tell Tale,Tell Tale Almonds,1.3333333333333335
1084,526,7.0,High Quality,High Quality AA-Size Batteries,1.3307984790874523
829,526,7.0,Ebony,Ebony Sweet Onion,1.3307984790874523
470,602,8.0,Red Wing,Red Wing Copper Pot Scrubber,1.3289036544850499
358,528,7.0,Carlson,Carlson Muenster Cheese,1.3257575757575757
1479,529,7.0,Fort West,Fort West No Salt Popcorn,1.3232514177693762
46,529,7.0,Club,Club Jack Cheese,1.3232514177693762
14,454,6.0,Jeffers,Jeffers Wheat Puffs,1.3215859030837005
266,606,8.0,Good,Good Imported Beer,1.3201320132013201
1003,531,7.0,American,American Beef Bologna,1.3182674199623352
1009,531,7.0,American,American Roasted Chicken,1.3182674199623352
1523,532,7.0,Modell,Modell Pumpernickel Bread,1.3157894736842104
975,608,8.0,Just Right,Just Right Rice Soup,1.3157894736842104
426,684,9.0,Steady,Steady Whitening Toothpast,1.3157894736842104
1133,608,8.0,Tri-State,Tri-State Almonds,1.3157894736842104
127,533,7.0,Faux Products,Faux Products Dishwasher Detergent,1.3133208255159476
894,533,7.0,Pearl,Pearl Light Wine,1.3133208255159476
215,457,6.0,Tip Top,Tip Top Lox,1.312910284463895
1231,535,7.0,Plato,Plato Tomato Sauce,1.3084112149532712
550,535,7.0,Fast,Fast Chocolate Donuts,1.3084112149532712
639,535,7.0,Bravo,Bravo Creamed Corn,1.3084112149532712
1539,536,7.0,CDR,CDR Regular Coffee,1.3059701492537312
688,536,7.0,Cutting Edge,Cutting Edge Low Fat Bologna,1.3059701492537312
1453,613,8.0,Hermanos,Hermanos Mandarin Oranges,1.3050570962479608
1063,613,8.0,Bird Call,Bird Call 200 MG Acetominifen,1.3050570962479608
882,615,8.0,Thresher,Thresher White Chocolate Bar,1.3008130081300813
370,616,8.0,Carlson,Carlson 1% Milk,1.2987012987012987
716,462,6.0,Imagine,Imagine Apple Cinnamon Waffles,1.2987012987012987
476,540,7.0,Quick,Quick Seasoned Hamburger,1.2962962962962963
1154,541,7.0,Dual City,Dual City Scallops,1.2939001848428837
619,541,7.0,Landslide,Landslide Strawberry Preserves,1.2939001848428837
1185,541,7.0,Horatio,Horatio Grape Fruit Roll,1.2939001848428837
1535,464,6.0,CDR,CDR Brown Sugar,1.293103448275862
328,542,7.0,Better,Better Creamed Corn,1.2915129151291513
592,465,6.0,Colony,Colony Blueberry Muffins,1.2903225806451613
132,620,8.0,Denny,Denny 60 Watt Lightbulb,1.2903225806451613
517,465,6.0,Tell Tale,Tell Tale Canned Peanuts,1.2903225806451613
351,620,8.0,ADJ,ADJ Rosy Sunglasses,1.2903225806451613
1040,465,6.0,PigTail,PigTail Lime Popsicles,1.2903225806451613
750,543,7.0,Consolidated,Consolidated Multi-Symptom Cold Remedy,1.289134438305709
770,466,6.0,Cormorant,Cormorant Paper Towels,1.2875536480686696
219,466,6.0,Best Choice,Best Choice Corn Chips,1.2875536480686696
1118,545,7.0,Tri-State,Tri-State Shitake Mushrooms,1.2844036697247707
1146,546,7.0,Tri-State,Tri-State Cantelope,1.282051282051282
427,546,7.0,Steady,Steady Toothpaste,1.282051282051282
1346,546,7.0,Carrington,Carrington Chicken TV Dinner,1.282051282051282
903,624,8.0,Fantastic,Fantastic Rye Bread,1.282051282051282
321,546,7.0,Excellent,Excellent Apple Juice,1.282051282051282
345,625,8.0,Better,Better Fancy Canned Clams,1.28
891,547,7.0,Discover,Discover Thai Rice,1.2797074954296161
112,549,7.0,Golden,Golden Lemon Popsicles,1.2750455373406193
258,549,7.0,Choice,Choice Spicy Mints,1.2750455373406193
230,549,7.0,Best Choice,Best Choice No Salt Popcorn,1.2750455373406193
246,471,6.0,Best Choice,Best Choice Raspberry Fruit Roll,1.2738853503184715
752,471,6.0,Consolidated,Consolidated Laundry Detergent,1.2738853503184715
336,628,8.0,Better,Better Chicken Noodle Soup,1.2738853503184715
372,550,7.0,Carlson,Carlson Strawberry Yogurt,1.2727272727272727
712,550,7.0,Imagine,Imagine Waffles,1.2727272727272727
197,472,6.0,High Top,High Top Golden Delcious Apples,1.2711864406779663
449,551,7.0,Red Wing,Red Wing AAA-Size Batteries,1.2704174228675136
390,551,7.0,Urban,Urban Small Eggs,1.2704174228675136
844,552,7.0,Nationeel,Nationeel Chocolate Chip Cookies,1.2681159420289856
456,632,8.0,Red Wing,Red Wing 25 Watt Lightbulb,1.2658227848101267
1480,553,7.0,Fort West,Fort West Low Fat Popcorn,1.2658227848101267
395,554,7.0,Big Time,Big Time Frozen Chicken Breast,1.263537906137184
1292,554,7.0,Booker,Booker Low Fat Cottage Cheese,1.263537906137184
493,554,7.0,Tell Tale,Tell Tale Elephant Garlic,1.263537906137184
659,475,6.0,Bravo,Bravo Rice Soup,1.263157894736842
1386,555,7.0,Sunset,Sunset 100 Watt Lightbulb,1.2612612612612613
7,477,6.0,Washington,Washington Diet Cola,1.257861635220126
919,557,7.0,BBB Best,BBB Best Corn Oil,1.2567324955116697
715,557,7.0,Imagine,Imagine Frozen Mushroom Pizza,1.2567324955116697
152,478,6.0,Denny,Denny Tissues,1.2552301255230125
408,638,8.0,Big Time,Big Time Chicken TV Dinner,1.2539184952978055
463,639,8.0,Red Wing,Red Wing Tissues,1.2519561815336464
871,480,6.0,Nationeel,Nationeel Raisins,1.25
11,560,7.0,Washington,Washington Apple Drink,1.25
1559,240,3.0,CDR,CDR Apple Preserves,1.25
1128,560,7.0,Tri-State,Tri-State Dried Mushrooms,1.25
629,641,8.0,Token,Token Diet Cola,1.24804992199688
987,561,7.0,Even Better,Even Better Low Fat String Cheese,1.2477718360071302
268,561,7.0,Good,Good Chardonnay Wine,1.2477718360071302
271,562,7.0,Good,Good Chardonnay,1.2455516014234875
969,562,7.0,Just Right,Just Right Canned Tuna in Oil,1.2455516014234875
282,563,7.0,Great,Great Wheat Bread,1.2433392539964476
1316,563,7.0,Lake,Lake Turkey Hot Dogs,1.2433392539964476
573,483,6.0,Shady Lake,Shady Lake Manicotti,1.2422360248447204
1428,645,8.0,Hermanos,Hermanos Green Pepper,1.2403100775193798
453,484,6.0,Red Wing,Red Wing Toilet Bowl Cleaner,1.2396694214876034
1452,565,7.0,Hermanos,Hermanos Broccoli,1.238938053097345
1333,565,7.0,Carrington,Carrington Frozen Chicken Breast,1.238938053097345
1022,485,6.0,PigTail,PigTail Frozen Chicken Breast,1.2371134020618557
479,566,7.0,Dollar,Dollar Monthly Computer Magazine,1.2367491166077738
455,647,8.0,Red Wing,Red Wing Glass Cleaner,1.2364760432766615
1166,567,7.0,Horatio,Horatio Cheese Crackers,1.2345679012345678
37,487,6.0,Blue Label,Blue Label Rice Soup,1.2320328542094456
1533,487,6.0,CDR,CDR Chunky Peanut Butter,1.2320328542094456
1330,487,6.0,Giant,Giant Egg Substitute,1.2320328542094456
1409,651,8.0,Sunset,Sunset Economy Toilet Brush,1.228878648233487
133,570,7.0,Denny,Denny Plastic Forks,1.2280701754385965
264,570,7.0,Medalist,Medalist Thai Rice,1.2280701754385965
1190,570,7.0,Horatio,Horatio Frosted Donuts,1.2280701754385965
332,570,7.0,Better,Better Vegetable Soup,1.2280701754385965
510,571,7.0,Tell Tale,Tell Tale Lemons,1.2259194395796849
1139,571,7.0,Tri-State,Tri-State Plums,1.2259194395796849
1502,490,6.0,Gulf Coast,Gulf Coast Tasty Candy Bar,1.2244897959183674
1,245,3.0,Washington,Washington Berry Juice,1.2244897959183674
296,490,6.0,Super,Super Columbian Coffee,1.2244897959183674
59,491,6.0,Club,Club 1% Milk,1.2219959266802443
256,491,6.0,Choice,Choice Semi-Sweet Chocolate Bar,1.2219959266802443
441,573,7.0,Steady,Steady Laundry Detergent,1.2216404886561953
24,574,7.0,Blue Label,Blue Label Regular Ramen Soup,1.2195121951219512
713,492,6.0,Imagine,Imagine Frozen Pepperoni Pizza,1.2195121951219512
679,492,6.0,Gorilla,Gorilla Buttermilk,1.2195121951219512
174,492,6.0,High Top,High Top Sweet Peas,1.2195121951219512
600,575,7.0,Landslide,Landslide Decaf Coffee,1.2173913043478262
794,575,7.0,Ebony,Ebony Corn on the Cob,1.2173913043478262
1388,575,7.0,Sunset,Sunset Paper Plates,1.2173913043478262
841,575,7.0,Nationeel,Nationeel Corn Chips,1.2173913043478262
563,575,7.0,Fast,Fast Frosted Donuts,1.2173913043478262
27,576,7.0,Blue Label,Blue Label Beef Soup,1.215277777777778
1220,576,7.0,Sphinx,Sphinx Wheat Bread,1.215277777777778
261,576,7.0,Medalist,Medalist Ravioli,1.215277777777778
630,494,6.0,Token,Token Orange Juice,1.214574898785425
312,577,7.0,Excellent,Excellent Berry Juice,1.2131715771230502
398,577,7.0,Big Time,Big Time Frozen Sausage Pizza,1.2131715771230502
1383,577,7.0,Sunset,Sunset Plastic Spoons,1.2131715771230502
1268,577,7.0,Pleasant,Pleasant Chicken Soup,1.2131715771230502
543,495,6.0,Fast,Fast Salsa Dip,1.2121212121212122
41,495,6.0,Queen,Queen Eyeglass Screwdriver,1.2121212121212122
287,578,7.0,Super,Super White Sugar,1.2110726643598615
799,496,6.0,Ebony,Ebony Prepared Salad,1.2096774193548387
703,497,6.0,Jumbo,Jumbo Egg Substitute,1.2072434607645874
1410,497,6.0,Sunset,Sunset Scissors,1.2072434607645874
65,497,6.0,Red Spade,Red Spade Beef Bologna,1.2072434607645874
113,415,5.0,Faux Products,Faux Products Silky Smooth Hair Conditioner,1.2048192771084338
552,498,6.0,Fast,Fast Sesame Crackers,1.2048192771084338
61,498,6.0,Club,Club Strawberry Yogurt,1.2048192771084338
562,499,6.0,Fast,Fast Dried Apricots,1.2024048096192386
298,499,6.0,Super,Super Pepper,1.2024048096192386
451,583,7.0,Red Wing,Red Wing Paper Cups,1.2006861063464835
1244,500,6.0,Plato,Plato Strawberry Jam,1.2
895,584,7.0,Pearl,Pearl Chardonnay Wine,1.1986301369863013
1253,501,6.0,Skinner,Skinner Cream Soda,1.1976047904191618
125,502,6.0,Faux Products,Faux Products 200 MG Acetominifen,1.1952191235059761
949,502,6.0,Fabulous,Fabulous Apple Drink,1.1952191235059761
1439,502,6.0,Hermanos,Hermanos Dried Mushrooms,1.1952191235059761
361,586,7.0,Carlson,Carlson Havarti Cheese,1.1945392491467577
401,503,6.0,Big Time,Big Time Waffles,1.1928429423459244
162,503,6.0,Denny,Denny Large Sponge,1.1928429423459244
1490,504,6.0,Fort West,Fort West Sesame Crackers,1.1904761904761905
723,505,6.0,Imagine,Imagine Home Style French Fries,1.188118811881188
557,506,6.0,Fast,Fast Raspberry Fruit Roll,1.185770750988142
1496,506,6.0,Fort West,Fort West Grape Fruit Roll,1.185770750988142
1065,506,6.0,Bird Call,Bird Call Dishwasher Detergent,1.185770750988142
707,507,6.0,Imagine,Imagine Frozen Pancakes,1.183431952662722
139,508,6.0,Denny,Denny Paper Plates,1.1811023622047243
1550,508,6.0,CDR,CDR Apple Butter,1.1811023622047243
1365,593,7.0,Hilltop,Hilltop Toothpaste,1.1804384485666104
537,509,6.0,Fast,Fast Lemon Cookies,1.1787819253438114
1193,509,6.0,Musial,Musial Malted Milk Balls,1.1787819253438114
585,509,6.0,Colony,Colony Pumpernickel Bread,1.1787819253438114
1088,510,6.0,High Quality,High Quality Scented Tissue,1.1764705882352942
1176,510,6.0,Horatio,Horatio Beef Jerky,1.1764705882352942
399,596,7.0,Big Time,Big Time Blueberry Waffles,1.174496644295302
747,511,6.0,Consolidated,Consolidated 200 MG Acetominifen,1.1741682974559686
143,511,6.0,Denny,Denny Counter Cleaner,1.1741682974559686
1329,511,6.0,Giant,Giant Large Eggs,1.1741682974559686
1052,512,6.0,Bird Call,Bird Call Tartar Control Toothpaste,1.171875
1035,512,6.0,PigTail,PigTail Chicken TV Dinner,1.171875
588,512,6.0,Colony,Colony English Muffins,1.171875
1537,427,5.0,CDR,CDR French Roast Coffee,1.1709601873536302
356,598,7.0,Carlson,Carlson Sour Cream,1.1705685618729096
791,598,7.0,Excel,Excel Monthly Home Magazine,1.1705685618729096
1355,513,6.0,Carrington,Carrington Frozen Broccoli,1.1695906432748537
483,599,7.0,Tell Tale,Tell Tale Corn on the Cob,1.1686143572621035
375,599,7.0,Moms,Moms Pimento Loaf,1.1686143572621035
1542,428,5.0,CDR,CDR Tomato Sauce,1.1682242990654206
814,600,7.0,Ebony,Ebony Squash,1.1666666666666667
1529,515,6.0,Modell,Modell Bagels,1.1650485436893203
234,515,6.0,Best Choice,Best Choice Salted Pretzels,1.1650485436893203
1390,601,7.0,Sunset,Sunset 75 Watt Lightbulb,1.1647254575707155
444,601,7.0,Red Wing,Red Wing Plastic Forks,1.1647254575707155
1423,601,7.0,Hermanos,Hermanos Sweet Peas,1.1647254575707155
1481,430,5.0,Fort West,Fort West Salsa Dip,1.1627906976744187
941,602,7.0,Fabulous,Fabulous Strawberry Drink,1.1627906976744187
817,516,6.0,Ebony,Ebony Almonds,1.1627906976744187
615,516,6.0,Landslide,Landslide Grape Jam,1.1627906976744187
845,516,6.0,Nationeel,Nationeel Fudge Cookies,1.1627906976744187
848,603,7.0,Nationeel,Nationeel Lemon Cookies,1.1608623548922055
951,603,7.0,Special,Special Corn Puffs,1.1608623548922055
119,517,6.0,Faux Products,Faux Products Extra Moisture Shampoo,1.160541586073501
914,604,7.0,BBB Best,BBB Best White Sugar,1.1589403973509933
293,518,6.0,Super,Super Tomato Sauce,1.1583011583011582
51,432,5.0,Club,Club Head Cheese,1.1574074074074074
178,432,5.0,High Top,High Top Onions,1.1574074074074074
947,605,7.0,Fabulous,Fabulous Cranberry Juice,1.1570247933884297
164,519,6.0,Ship Shape,Ship Shape Extra Lean Hamburger,1.1560693641618496
207,520,6.0,High Top,High Top Sweet Onion,1.153846153846154
1221,520,6.0,Plato,Plato Sesame Oil,1.153846153846154
208,434,5.0,High Top,High Top Cantelope,1.1520737327188941
279,521,6.0,Great,Great Muffins,1.1516314779270633
1260,522,6.0,Skinner,Skinner Apple Drink,1.1494252873563218
584,522,6.0,Walrus,Walrus Light Beer,1.1494252873563218
617,610,7.0,Landslide,Landslide Strawberry Jam,1.1475409836065573
1317,523,6.0,Lake,Lake Foot-Long Hot Dogs,1.147227533460803
357,611,7.0,Carlson,Carlson Jack Cheese,1.1456628477905073
165,525,6.0,Ship Shape,Ship Shape Seasoned Hamburger,1.1428571428571428
1068,525,6.0,Bird Call,Bird Call Laundry Detergent,1.1428571428571428
1127,525,6.0,Tri-State,Tri-State Baby Onion,1.1428571428571428
1437,525,6.0,Hermanos,Hermanos Mushrooms,1.1428571428571428
353,613,7.0,Black Tie,Black Tie City Map,1.1419249592169658
1029,526,6.0,PigTail,PigTail Frozen Pepperoni Pizza,1.1406844106463878
389,614,7.0,Urban,Urban Large Brown Eggs,1.1400651465798046
1497,527,6.0,Fort West,Fort West Dried Dates,1.1385199240986716
1130,528,6.0,Tri-State,Tri-State Squash,1.1363636363636365
244,529,6.0,Best Choice,Best Choice Apple Fruit Roll,1.1342155009451798
384,618,7.0,Moms,Moms Sliced Turkey,1.132686084142395
1067,530,6.0,Bird Call,Bird Call Childrens Cold Remedy,1.1320754716981132
446,619,7.0,Red Wing,Red Wing Plastic Knives,1.1308562197092082
360,619,7.0,Carlson,Carlson Low Fat String Cheese,1.1308562197092082
1436,619,7.0,Hermanos,Hermanos Tomatos,1.1308562197092082
823,531,6.0,Ebony,Ebony Plums,1.1299435028248588
755,532,6.0,Cormorant,Cormorant Plastic Forks,1.1278195488721803
26,532,6.0,Blue Label,Blue Label Turkey Noodle Soup,1.1278195488721803
1249,444,5.0,Plato,Plato Grape Jelly,1.1261261261261262
907,533,6.0,Fantastic,Fantastic Bagels,1.125703564727955
989,533,6.0,Even Better,Even Better Head Cheese,1.125703564727955
373,623,7.0,Carlson,Carlson Blueberry Yogurt,1.1235955056179776
656,534,6.0,Bravo,Bravo Fancy Canned Clams,1.1235955056179776
273,534,6.0,Good,Good Light Beer,1.1235955056179776
528,535,6.0,Fast,Fast Low Fat Cookies,1.1214953271028036
890,535,6.0,Discover,Discover Spaghetti,1.1214953271028036
304,625,7.0,Super,Super Grape Jam,1.1199999999999999
1103,537,6.0,Genteel,Genteel Seasoned Hamburger,1.1173184357541899
948,627,7.0,Fabulous,Fabulous Apple Juice,1.1164274322169059
806,538,6.0,Ebony,Ebony Garlic,1.1152416356877324
359,538,6.0,Carlson,Carlson String Cheese,1.1152416356877324
1313,539,6.0,Lake,Lake Pimento Loaf,1.1131725417439702
1482,539,6.0,Fort West,Fort West Avocado Dip,1.1131725417439702
1101,450,5.0,High Quality,High Quality Screw Driver,1.1111111111111112
240,453,5.0,Best Choice,Best Choice Low Fat Chips,1.1037527593818985
608,544,6.0,Landslide,Landslide Strawberry Jelly,1.1029411764705883
322,545,6.0,Excellent,Excellent Apple Drink,1.1009174311926606
1532,455,5.0,CDR,CDR Sesame Oil,1.098901098901099
1370,546,6.0,Hilltop,Hilltop Apricot Shampoo,1.098901098901099
959,547,6.0,Just Right,Just Right Vegetable Soup,1.0968921389396709
267,547,6.0,Good,Good Light Wine,1.0968921389396709
63,456,5.0,Red Spade,Red Spade Chicken Hot Dogs,1.0964912280701753
711,548,6.0,Imagine,Imagine Fajita French Fries,1.094890510948905
1258,457,5.0,Skinner,Skinner Cranberry Juice,1.0940919037199124
1511,549,6.0,Jardon,Jardon Manicotti,1.092896174863388
808,550,6.0,Ebony,Ebony Cauliflower,1.090909090909091
1434,643,7.0,Hermanos,Hermanos Potatos,1.088646967340591
825,553,6.0,Ebony,Ebony Broccoli,1.0849909584086799
1524,461,5.0,Modell,Modell White Bread,1.0845986984815619
292,554,6.0,Super,Super Corn Oil,1.083032490974729
1322,555,6.0,Lake,Lake Sliced Turkey,1.0810810810810811
1283,556,6.0,Pleasant,Pleasant Fancy Canned Clams,1.079136690647482
597,556,6.0,Landslide,Landslide Brown Sugar,1.079136690647482
1269,464,5.0,Pleasant,Pleasant Canned Yams,1.0775862068965518
1473,557,6.0,Fort West,Fort West Fudge Brownies,1.0771992818671454
137,557,6.0,Denny,Denny 100 Watt Lightbulb,1.0771992818671454
1197,557,6.0,Musial,Musial Mints,1.0771992818671454
579,465,5.0,Walrus,Walrus Chardonnay Wine,1.0752688172043012
1261,558,6.0,Johnson,Johnson Oatmeal,1.0752688172043012
618,559,6.0,Landslide,Landslide Creamy Peanut Butter,1.073345259391771
551,559,6.0,Fast,Fast Low Fat Chips,1.073345259391771
905,560,6.0,Fantastic,Fantastic Cranberry Muffins,1.0714285714285714
1226,561,6.0,Plato,Plato French Roast Coffee,1.06951871657754
194,468,5.0,High Top,High Top Firm Tofu,1.0683760683760684
594,468,5.0,Landslide,Landslide Sesame Oil,1.0683760683760684
754,562,6.0,Cormorant,Cormorant 60 Watt Lightbulb,1.0676156583629894
1527,469,5.0,Modell,Modell Cranberry Muffins,1.0660980810234542
1113,563,6.0,Tri-State,Tri-State New Potatos,1.0657193605683837
572,563,6.0,Shady Lake,Shady Lake Ravioli,1.0657193605683837
566,470,5.0,Atomic,Atomic Malted Milk Balls,1.0638297872340425
504,564,6.0,Tell Tale,Tell Tale Limes,1.0638297872340425
859,564,6.0,Nationeel,Nationeel Mini Donuts,1.0638297872340425
1125,470,5.0,Tri-State,Tri-State Tomatos,1.0638297872340425
939,565,6.0,Fabulous,Fabulous Berry Juice,1.0619469026548671
1272,565,6.0,Pleasant,Pleasant Noodle Soup,1.0619469026548671
1070,566,6.0,High Quality,High Quality 60 Watt Lightbulb,1.0600706713780919
696,566,6.0,Cutting Edge,Cutting Edge Sliced Ham,1.0600706713780919
171,472,5.0,High Top,High Top Summer Squash,1.059322033898305
68,472,5.0,Red Spade,Red Spade Foot-Long Hot Dogs,1.059322033898305
1206,567,6.0,Portsmouth,Portsmouth Chardonnay Wine,1.0582010582010581
797,568,6.0,Ebony,Ebony New Potatos,1.056338028169014
1018,569,6.0,National,National Large Eggs,1.054481546572935
1420,569,6.0,Hermanos,Hermanos Summer Squash,1.054481546572935
1408,570,6.0,Sunset,Sunset Copper Pot Scrubber,1.0526315789473684
1034,475,5.0,PigTail,PigTail Turkey TV Dinner,1.0526315789473684
1463,570,6.0,Hermanos,Hermanos Party Nuts,1.0526315789473684
160,475,5.0,Denny,Denny Economy Toilet Brush,1.0526315789473684
1547,571,6.0,CDR,CDR Pepper,1.0507880910683012
1421,571,6.0,Hermanos,Hermanos Corn on the Cob,1.0507880910683012
114,476,5.0,Faux Products,Faux Products Tartar Control Toothpaste,1.050420168067227
632,476,5.0,Token,Token Apple Juice,1.050420168067227
692,572,6.0,Cutting Edge,Cutting Edge Cole Slaw,1.048951048951049
1339,572,6.0,Carrington,Carrington Waffles,1.048951048951049
1192,572,6.0,Musial,Musial Mint Chocolate Bar,1.048951048951049
1385,477,5.0,Sunset,Sunset C-Size Batteries,1.0482180293501049
1013,477,5.0,American,American Potato Salad,1.0482180293501049
392,573,6.0,Urban,Urban Egg Substitute,1.0471204188481675
118,574,6.0,Faux Products,Faux Products Conditioning Shampoo,1.0452961672473868
116,479,5.0,Faux Products,Faux Products Toothpaste,1.0438413361169103
154,479,5.0,Denny,Denny Room Freshener,1.0438413361169103
269,576,6.0,Good,Good Chablis Wine,1.0416666666666665
515,480,5.0,Tell Tale,Tell Tale Mandarin Oranges,1.0416666666666665
1374,577,6.0,Hilltop,Hilltop 200 MG Acetominifen,1.0398613518197575
13,481,5.0,Jeffers,Jeffers Corn Puffs,1.0395010395010396
1170,481,5.0,Horatio,Horatio Salsa Dip,1.0395010395010396
1407,578,6.0,Sunset,Sunset Silver Cleaner,1.0380622837370241
672,482,5.0,Gorilla,Gorilla Havarti Cheese,1.0373443983402488
1021,482,5.0,PigTail,PigTail Orange Popsicles,1.0373443983402488
1207,483,5.0,Portsmouth,Portsmouth Chablis Wine,1.0351966873706004
1378,580,6.0,Hilltop,Hilltop Childrens Cold Remedy,1.0344827586206897
1177,580,6.0,Horatio,Horatio Chocolate Donuts,1.0344827586206897
339,581,6.0,Better,Better Canned Peas,1.0327022375215147
1288,581,6.0,Toucan,Toucan Canned Peaches,1.0327022375215147
910,582,6.0,BBB Best,BBB Best Sesame Oil,1.0309278350515463
320,583,6.0,Excellent,Excellent Cranberry Juice,1.0291595197255576
388,583,6.0,Urban,Urban Small Brown Eggs,1.0291595197255576
1323,486,5.0,Lake,Lake Sliced Ham,1.02880658436214
1061,486,5.0,Bird Call,Bird Call Buffered Aspirin,1.02880658436214
811,486,5.0,Ebony,Ebony Baby Onion,1.02880658436214
1048,584,6.0,PigTail,PigTail Frozen Chicken Thighs,1.0273972602739725
1091,584,6.0,High Quality,High Quality Scented Toilet Tissue,1.0273972602739725
323,584,6.0,Best,Best Oatmeal,1.0273972602739725
912,488,5.0,BBB Best,BBB Best Hot Chocolate,1.0245901639344261
450,488,5.0,Red Wing,Red Wing Paper Plates,1.0245901639344261
140,489,5.0,Denny,Denny Paper Cups,1.0224948875255624
183,489,5.0,High Top,High Top Red Pepper,1.0224948875255624
1172,587,6.0,Horatio,Horatio Salted Pretzels,1.0221465076660987
369,587,6.0,Carlson,Carlson Chocolate Milk,1.0221465076660987
214,490,5.0,High Top,High Top Party Nuts,1.0204081632653061
418,589,6.0,Big Time,Big Time Frozen Corn,1.0186757215619695
1186,491,5.0,Horatio,Horatio Dried Dates,1.0183299389002036
1255,491,5.0,Skinner,Skinner Cola,1.0183299389002036
461,493,5.0,Red Wing,Red Wing Scented Tissue,1.0141987829614605
641,493,5.0,Bravo,Bravo Chicken Soup,1.0141987829614605
387,592,6.0,Moms,Moms Sliced Chicken,1.0135135135135136
1235,592,6.0,Plato,Plato Strawberry Jelly,1.0135135135135136
275,592,6.0,Great,Great White Bread,1.0135135135135136
1443,592,6.0,Hermanos,Hermanos Firm Tofu,1.0135135135135136
1213,592,6.0,Sphinx,Sphinx White Bread,1.0135135135135136
669,495,5.0,Gorilla,Gorilla Muenster Cheese,1.0101010101010102
1281,594,6.0,Pleasant,Pleasant Large Canned Shrimp,1.0101010101010102
284,594,6.0,Super,Super Chunky Peanut Butter,1.0101010101010102
241,497,5.0,Best Choice,Best Choice Sesame Crackers,1.0060362173038229
1131,497,5.0,Tri-State,Tri-State Limes,1.0060362173038229
616,498,5.0,Landslide,Landslide Apple Jam,1.0040160642570282
1112,498,5.0,Tri-State,Tri-State Sweet Peas,1.0040160642570282
199,499,5.0,High Top,High Top Lemons,1.002004008016032
15,500,5.0,Jeffers,Jeffers Grits,1.0
840,600,6.0,Nationeel,Nationeel BBQ Potato Chips,1.0
1397,601,6.0,Sunset,Sunset Paper Towels,0.9983361064891847
1081,501,5.0,High Quality,High Quality Counter Cleaner,0.998003992015968
205,501,5.0,High Top,High Top Mixed Nuts,0.998003992015968
1250,501,5.0,Skinner,Skinner Berry Juice,0.998003992015968
1402,501,5.0,Sunset,Sunset Scented Toilet Tissue,0.998003992015968
216,503,5.0,Tip Top,Tip Top Scallops,0.9940357852882704
501,604,6.0,Tell Tale,Tell Tale Dried Mushrooms,0.9933774834437087
1270,505,5.0,Pleasant,Pleasant Vegetable Soup,0.9900990099009901
145,505,5.0,Denny,Denny 25 Watt Lightbulb,0.9900990099009901
1404,505,5.0,Sunset,Sunset Frying Pan,0.9900990099009901
732,506,5.0,Imagine,Imagine Frozen Chicken Thighs,0.9881422924901186
368,609,6.0,Carlson,Carlson Buttermilk,0.9852216748768473
722,508,5.0,Imagine,Imagine Grape Popsicles,0.984251968503937
684,508,5.0,Gorilla,Gorilla Blueberry Yogurt,0.984251968503937
709,509,5.0,Imagine,Imagine Frozen Sausage Pizza,0.9823182711198428
374,611,6.0,Moms,Moms Chicken Hot Dogs,0.9819967266775778
404,612,6.0,Big Time,Big Time Frozen Mushroom Pizza,0.9803921568627451
1474,511,5.0,Fort West,Fort West Potato Chips,0.9784735812133072
950,511,5.0,Special,Special Oatmeal,0.9784735812133072
1004,511,5.0,American,American Low Fat Bologna,0.9784735812133072
1422,511,5.0,Hermanos,Hermanos Asparagus,0.9784735812133072
1536,511,5.0,CDR,CDR White Sugar,0.9784735812133072
1354,511,5.0,Carrington,Carrington Frozen Cauliflower,0.9784735812133072
225,511,5.0,Best Choice,Best Choice Potato Chips,0.9784735812133072
1263,511,5.0,Johnson,Johnson Wheat Puffs,0.9784735812133072
613,512,5.0,Landslide,Landslide Oregano,0.9765625
106,513,5.0,Golden,Golden Frozen Broccoli,0.9746588693957114
583,514,5.0,Walrus,Walrus White Zinfandel Wine,0.9727626459143969
299,514,5.0,Super,Super Low Fat Apple Butter,0.9727626459143969
184,514,5.0,High Top,High Top Garlic,0.9727626459143969
23,515,5.0,Blue Label,Blue Label Noodle Soup,0.9708737864077669
123,515,5.0,Faux Products,Faux Products Buffered Aspirin,0.9708737864077669
443,619,6.0,Red Wing,Red Wing 60 Watt Lightbulb,0.9693053311793215
1252,619,6.0,Skinner,Skinner Strawberry Drink,0.9693053311793215
355,516,5.0,Carlson,Carlson Low Fat Sour Cream,0.9689922480620154
1111,517,5.0,Tri-State,Tri-State Asparagus,0.9671179883945842
1142,517,5.0,Tri-State,Tri-State Mandarin Oranges,0.9671179883945842
888,517,5.0,Discover,Discover Ravioli,0.9671179883945842
1328,518,5.0,Giant,Giant Small Eggs,0.9652509652509652
524,518,5.0,Tell Tale,Tell Tale Tangerines,0.9652509652509652
1389,622,6.0,Sunset,Sunset Paper Cups,0.964630225080386
338,519,5.0,Better,Better Beef Soup,0.9633911368015413
20,519,5.0,Blue Label,Blue Label Canned Yams,0.9633911368015413
109,519,5.0,Golden,Golden Popsicles,0.9633911368015413
674,519,5.0,Gorilla,Gorilla Cheese Spread,0.9633911368015413
129,519,5.0,Faux Products,Faux Products Childrens Cold Remedy,0.9633911368015413
1143,520,5.0,Tri-State,Tri-State Mixed Nuts,0.9615384615384616
944,520,5.0,Fabulous,Fabulous Cola,0.9615384615384616
532,520,5.0,Fast,Fast Sugar Cookies,0.9615384615384616
108,521,5.0,Golden,Golden Frozen Peas,0.9596928982725527
539,521,5.0,Fast,Fast Cheese Crackers,0.9596928982725527
666,521,5.0,Gorilla,Gorilla Low Fat Sour Cream,0.9596928982725527
371,626,6.0,Carlson,Carlson Whole Milk,0.9584664536741214
738,522,5.0,Consolidated,Consolidated Toothpaste,0.9578544061302682
815,522,5.0,Ebony,Ebony Limes,0.9578544061302682
90,522,5.0,Golden,Golden Waffles,0.9578544061302682
331,523,5.0,Better,Better Canned Yams,0.9560229445506693
587,524,5.0,Colony,Colony Rye Bread,0.9541984732824428
1442,524,5.0,Hermanos,Hermanos Limes,0.9541984732824428
1086,524,5.0,High Quality,High Quality Paper Towels,0.9541984732824428
946,629,6.0,Fabulous,Fabulous Orange Juice,0.9538950715421303
492,630,6.0,Tell Tale,Tell Tale Lettuce,0.9523809523809524
653,525,5.0,Bravo,Bravo Canned Tuna in Oil,0.9523809523809524
1227,526,5.0,Plato,Plato Decaf Coffee,0.9505703422053232
649,527,5.0,Bravo,Bravo Beef Soup,0.9487666034155597
1371,527,5.0,Hilltop,Hilltop Childrens Aspirin,0.9487666034155597
664,529,5.0,Akron,Akron City Map,0.945179584120983
1541,529,5.0,CDR,CDR Corn Oil,0.945179584120983
1531,530,5.0,Modell,Modell Wheat Bread,0.9433962264150944
480,636,6.0,Dollar,Dollar Monthly Home Magazine,0.9433962264150944
1069,530,5.0,Bird Call,Bird Call Mint Mouthwash,0.9433962264150944
83,531,5.0,Golden,Golden Orange Popsicles,0.9416195856873822
1196,531,5.0,Musial,Musial Spicy Mints,0.9416195856873822
780,531,5.0,Cormorant,Cormorant Silver Cleaner,0.9416195856873822
998,531,5.0,Even Better,Even Better Whole Milk,0.9416195856873822
736,425,4.0,Consolidated,Consolidated Tartar Control Toothpaste,0.9411764705882352
680,532,5.0,Gorilla,Gorilla Chocolate Milk,0.9398496240601504
347,532,5.0,Better,Better Fancy Canned Sardines,0.9398496240601504
977,532,5.0,Big City,Big City Canned Peaches,0.9398496240601504
777,532,5.0,Cormorant,Cormorant Frying Pan,0.9398496240601504
28,532,5.0,Blue Label,Blue Label Canned Peas,0.9398496240601504
872,639,6.0,Nationeel,Nationeel Golden Raisins,0.9389671361502347
1508,534,5.0,Gulf Coast,Gulf Coast Mints,0.9363295880149813
1301,534,5.0,Booker,Booker Cheese Spread,0.9363295880149813
1274,535,5.0,Pleasant,Pleasant Chicken Noodle Soup,0.9345794392523363
383,535,5.0,Moms,Moms Corned Beef,0.9345794392523363
915,643,6.0,BBB Best,BBB Best French Roast Coffee,0.9331259720062209
1455,536,5.0,Hermanos,Hermanos Canned Peanuts,0.9328358208955223
577,536,5.0,Walrus,Walrus Imported Beer,0.9328358208955223
983,536,5.0,Even Better,Even Better Sour Cream,0.9328358208955223
274,644,6.0,Great,Great Pumpernickel Bread,0.9316770186335404
1256,537,5.0,Skinner,Skinner Diet Cola,0.931098696461825
54,537,5.0,Club,Club Mild Cheddar Cheese,0.931098696461825
883,537,5.0,Monarch,Monarch Ravioli,0.931098696461825
801,538,5.0,Ebony,Ebony Green Pepper,0.929368029739777
1024,538,5.0,PigTail,PigTail Low Fat French Fries,0.929368029739777
458,539,5.0,Red Wing,Red Wing D-Size Batteries,0.927643784786642
1107,539,5.0,Mighty Good,Mighty Good Monthly Home Magazine,0.927643784786642
555,541,5.0,Fast,Fast Apple Fruit Roll,0.9242144177449169
475,542,5.0,Quick,Quick Extra Lean Hamburger,0.9225092250922509
786,542,5.0,Footnote,Footnote Extra Lean Hamburger,0.9225092250922509
527,542,5.0,Kiwi,Kiwi Scallops,0.9225092250922509
526,543,5.0,Kiwi,Kiwi Lox,0.9208103130755065
1335,543,5.0,Carrington,Carrington Low Fat French Fries,0.9208103130755065
603,543,5.0,Landslide,Landslide Corn Oil,0.9208103130755065
1044,544,5.0,PigTail,PigTail Frozen Broccoli,0.9191176470588236
864,544,5.0,Nationeel,Nationeel Frosted Cookies,0.9191176470588236
724,544,5.0,Imagine,Imagine Lime Popsicles,0.9191176470588236
945,436,4.0,Fabulous,Fabulous Diet Cola,0.9174311926605505
892,546,5.0,Discover,Discover Rice Medly,0.9157509157509158
18,437,4.0,Blue Label,Blue Label Canned String Beans,0.9153318077803204
578,437,4.0,Walrus,Walrus Light Wine,0.9153318077803204
1248,547,5.0,Plato,Plato Apple Preserves,0.9140767824497258
1011,548,5.0,American,American Sliced Turkey,0.9124087591240875
1064,548,5.0,Bird Call,Bird Call HCL Nasal Spray,0.9124087591240875
422,549,5.0,Big Time,Big Time Frozen Chicken Wings,0.9107468123861567
626,549,5.0,Token,Token Cream Soda,0.9107468123861567
1320,550,5.0,Lake,Lake Roasted Chicken,0.9090909090909091
1262,550,5.0,Johnson,Johnson Corn Puffs,0.9090909090909091
1276,550,5.0,Pleasant,Pleasant Beef Soup,0.9090909090909091
262,551,5.0,Medalist,Medalist Manicotti,0.9074410163339384
516,551,5.0,Tell Tale,Tell Tale Mixed Nuts,0.9074410163339384
1367,551,5.0,Hilltop,Hilltop Conditioning Shampoo,0.9074410163339384
281,552,5.0,Great,Great Blueberry Muffins,0.9057971014492754
940,552,5.0,Fabulous,Fabulous Mango Drink,0.9057971014492754
424,552,5.0,Steady,Steady Silky Smooth Hair Conditioner,0.9057971014492754
1510,552,5.0,Jardon,Jardon Ravioli,0.9057971014492754
280,552,5.0,Great,Great Bagels,0.9057971014492754
172,552,5.0,High Top,High Top Corn on the Cob,0.9057971014492754
1403,555,5.0,Sunset,Sunset Room Freshener,0.9009009009009009
428,555,5.0,Steady,Steady Deodorant,0.9009009009009009
431,555,5.0,Steady,Steady Angled Toothbrush,0.9009009009009009
968,555,5.0,Just Right,Just Right Canned Tuna in Water,0.9009009009009009
233,556,5.0,Best Choice,Best Choice Avocado Dip,0.8992805755395683
554,556,5.0,Fast,Fast Dried Apples,0.8992805755395683
835,556,5.0,Ebony,Ebony Tangerines,0.8992805755395683
972,556,5.0,Just Right,Just Right Fancy Canned Clams,0.8992805755395683
278,556,5.0,Great,Great Cranberry Muffins,0.8992805755395683
834,556,5.0,Ebony,Ebony Oranges,0.8992805755395683
660,556,5.0,Applause,Applause Canned Mixed Fruit,0.8992805755395683
580,556,5.0,Walrus,Walrus Chablis Wine,0.8992805755395683
1062,557,5.0,Bird Call,Bird Call 200 MG Ibuprofen,0.8976660682226212
311,557,5.0,Super,Super Grape Jelly,0.8976660682226212
701,446,4.0,Jumbo,Jumbo Small Eggs,0.8968609865470852
761,558,5.0,Cormorant,Cormorant Paper Plates,0.8960573476702508
766,448,4.0,Cormorant,Cormorant Glass Cleaner,0.8928571428571428
992,561,5.0,Even Better,Even Better Mild Cheddar Cheese,0.8912655971479502
393,561,5.0,Big Time,Big Time Low Fat Waffles,0.8912655971479502
1554,561,5.0,CDR,CDR Apple Jam,0.8912655971479502
66,561,5.0,Red Spade,Red Spade Low Fat Bologna,0.8912655971479502
1264,562,5.0,Johnson,Johnson Grits,0.8896797153024912
1384,562,5.0,Sunset,Sunset Plastic Knives,0.8896797153024912
898,562,5.0,Pearl,Pearl Chardonnay,0.8896797153024912
931,563,5.0,BBB Best,BBB Best Grape Jam,0.8880994671403196
1465,563,5.0,Amigo,Amigo Scallops,0.8880994671403196
406,563,5.0,Big Time,Big Time Frozen Carrots,0.8880994671403196
605,563,5.0,Landslide,Landslide Canola Oil,0.8880994671403196
301,563,5.0,Super,Super Apple Butter,0.8880994671403196
1380,676,6.0,Hilltop,Hilltop Mint Mouthwash,0.8875739644970414
187,451,4.0,High Top,High Top Tomatos,0.8869179600886918
598,451,4.0,Landslide,Landslide White Sugar,0.8869179600886918
107,564,5.0,Golden,Golden Frozen Corn,0.8865248226950355
837,565,5.0,Curlew,Curlew Lox,0.8849557522123894
622,565,5.0,Landslide,Landslide Grape Jelly,0.8849557522123894
429,566,5.0,Steady,Steady Conditioning Shampoo,0.88339222614841
1340,566,5.0,Carrington,Carrington Frozen Pepperoni Pizza,0.88339222614841
593,567,5.0,Colony,Colony Wheat Bread,0.8818342151675485
210,454,4.0,High Top,High Top Fuji Apples,0.881057268722467
71,454,4.0,Red Spade,Red Spade Roasted Chicken,0.881057268722467
1120,568,5.0,Tri-State,Tri-State Elephant Garlic,0.8802816901408451
432,568,5.0,Steady,Steady Apricot Shampoo,0.8802816901408451
70,569,5.0,Red Spade,Red Spade Cole Slaw,0.8787346221441126
1444,570,5.0,Hermanos,Hermanos Almonds,0.8771929824561403
913,570,5.0,BBB Best,BBB Best Brown Sugar,0.8771929824561403
787,570,5.0,Footnote,Footnote Seasoned Hamburger,0.8771929824561403
1307,456,4.0,Booker,Booker Chocolate Milk,0.8771929824561403
741,457,4.0,Consolidated,Consolidated Extra Moisture Shampoo,0.87527352297593
1074,457,4.0,High Quality,High Quality C-Size Batteries,0.87527352297593
149,457,4.0,Denny,Denny Soft Napkins,0.87527352297593
1222,572,5.0,Plato,Plato Chunky Peanut Butter,0.8741258741258742
135,458,4.0,Denny,Denny Plastic Knives,0.8733624454148471
1515,459,4.0,Top Measure,Top Measure Imported Beer,0.8714596949891068
153,574,5.0,Denny,Denny Scented Toilet Tissue,0.8710801393728222
621,460,4.0,Landslide,Landslide Apple Preserves,0.8695652173913043
568,575,5.0,Atomic,Atomic Bubble Gum,0.8695652173913043
1500,576,5.0,Fort West,Fort West Dried Apricots,0.8680555555555556
897,576,5.0,Pearl,Pearl Merlot Wine,0.8680555555555556
420,576,5.0,Big Time,Big Time Popsicles,0.8680555555555556
496,461,4.0,Tell Tale,Tell Tale Potatos,0.8676789587852495
511,577,5.0,Tell Tale,Tell Tale Fancy Plums,0.8665511265164645
305,577,5.0,Super,Super Apple Jam,0.8665511265164645
364,577,5.0,Carlson,Carlson Sharp Cheddar Cheese,0.8665511265164645
1396,577,5.0,Sunset,Sunset D-Size Batteries,0.8665511265164645
1093,579,5.0,High Quality,High Quality Frying Pan,0.8635578583765112
880,579,5.0,Thresher,Thresher Spicy Mints,0.8635578583765112
86,579,5.0,Golden,Golden Low Fat French Fries,0.8635578583765112
242,464,4.0,Best Choice,Best Choice Frosted Cookies,0.8620689655172413
179,581,5.0,High Top,High Top Green Pepper,0.8605851979345954
10,465,4.0,Washington,Washington Apple Juice,0.8602150537634409
415,582,5.0,Big Time,Big Time Ice Cream Sandwich,0.859106529209622
1435,583,5.0,Hermanos,Hermanos Cauliflower,0.8576329331046313
138,583,5.0,Denny,Denny AAA-Size Batteries,0.8576329331046313
790,467,4.0,Excel,Excel Monthly Computer Magazine,0.8565310492505354
1162,584,5.0,Horatio,Horatio Fudge Brownies,0.8561643835616438
341,584,5.0,Better,Better Canned Tuna in Water,0.8561643835616438
1438,585,5.0,Hermanos,Hermanos Baby Onion,0.8547008547008548
505,586,5.0,Tell Tale,Tell Tale Firm Tofu,0.8532423208191127
1239,469,4.0,Plato,Plato Apple Butter,0.8528784648187633
957,469,4.0,Just Right,Just Right Chicken Soup,0.8528784648187633
1469,470,4.0,Fort West,Fort West Low Fat BBQ Chips,0.851063829787234
1257,588,5.0,Skinner,Skinner Orange Juice,0.8503401360544218
2,471,4.0,Washington,Washington Mango Drink,0.8492569002123143
1224,589,5.0,Plato,Plato Brown Sugar,0.8488964346349746
893,589,5.0,Pearl,Pearl Imported Beer,0.8488964346349746
534,472,4.0,Fast,Fast Fudge Cookies,0.847457627118644
645,591,5.0,Bravo,Bravo Noodle Soup,0.8460236886632826
465,591,5.0,Red Wing,Red Wing Room Freshener,0.8460236886632826
612,592,5.0,Landslide,Landslide Apple Butter,0.8445945945945946
300,592,5.0,Super,Super Salt,0.8445945945945946
378,593,5.0,Moms,Moms Turkey Hot Dogs,0.8431703204047217
39,475,4.0,Green Ribbon,Green Ribbon Canned Peaches,0.8421052631578947
34,475,4.0,Blue Label,Blue Label Fancy Canned Clams,0.8421052631578947
1522,475,4.0,Top Measure,Top Measure Light Beer,0.8421052631578947
1287,594,5.0,Toucan,Toucan Canned Mixed Fruit,0.8417508417508417
1080,476,4.0,High Quality,High Quality Toilet Bowl Cleaner,0.8403361344537815
1459,477,4.0,Hermanos,Hermanos Fuji Apples,0.8385744234800839
134,477,4.0,Denny,Denny Plastic Spoons,0.8385744234800839
254,597,5.0,Choice,Choice Mint Chocolate Bar,0.8375209380234505
42,478,4.0,Queen,Queen City Map,0.8368200836820083
519,598,5.0,Tell Tale,Tell Tale Cantelope,0.8361204013377926
879,598,5.0,Thresher,Thresher Bubble Gum,0.8361204013377926
1115,479,4.0,Tri-State,Tri-State Prepared Salad,0.8350730688935281
1050,479,4.0,PigTail,PigTail Lemon Popsicles,0.8350730688935281
148,479,4.0,Denny,Denny Paper Towels,0.8350730688935281
996,599,5.0,Even Better,Even Better Chocolate Milk,0.8347245409015025
1411,599,5.0,Sunset,Sunset Large Sponge,0.8347245409015025
1012,599,5.0,American,American Sliced Ham,0.8347245409015025
667,480,4.0,Gorilla,Gorilla Sour Cream,0.8333333333333334
1234,480,4.0,Plato,Plato Columbian Coffee,0.8333333333333334
1343,601,5.0,Carrington,Carrington Apple Cinnamon Waffles,0.8319467554076538
156,481,4.0,Denny,Denny Copper Cleaner,0.8316008316008316
340,604,5.0,Better,Better Chicken Ramen Soup,0.8278145695364238
380,606,5.0,Moms,Moms Low Fat Cole Slaw,0.825082508250825
1001,486,4.0,American,American Chicken Hot Dogs,0.823045267489712
362,609,5.0,Carlson,Carlson Head Cheese,0.8210180623973727
877,609,5.0,Thresher,Thresher Malted Milk Balls,0.8210180623973727
1413,612,5.0,Gerolli,Gerolli Extra Lean Hamburger,0.8169934640522877
435,612,5.0,Steady,Steady 200 MG Ibuprofen,0.8169934640522877
1462,490,4.0,Hermanos,Hermanos Tangerines,0.8163265306122449
1309,491,4.0,Booker,Booker Whole Milk,0.8146639511201629
596,491,4.0,Landslide,Landslide Hot Chocolate,0.8146639511201629
75,491,4.0,Red Spade,Red Spade Potato Salad,0.8146639511201629
421,615,5.0,Big Time,Big Time Frozen Chicken Thighs,0.8130081300813009
474,493,4.0,Red Wing,Red Wing Screw Driver,0.8113590263691683
206,493,4.0,High Top,High Top Canned Peanuts,0.8113590263691683
1446,617,5.0,Hermanos,Hermanos Golden Delcious Apples,0.8103727714748784
540,494,4.0,Fast,Fast Buttered Popcorn,0.8097165991902834
514,498,4.0,Tell Tale,Tell Tale Broccoli,0.8032128514056224
417,623,5.0,Big Time,Big Time Frozen Broccoli,0.8025682182985553
726,499,4.0,Imagine,Imagine Ice Cream Sandwich,0.8016032064128256
142,499,4.0,Denny,Denny Toilet Bowl Cleaner,0.8016032064128256
771,499,4.0,Cormorant,Cormorant Soft Napkins,0.8016032064128256
286,499,4.0,Super,Super Brown Sugar,0.8016032064128256
852,500,4.0,Nationeel,Nationeel No Salt Popcorn,0.8
1019,501,4.0,National,National Egg Substitute,0.7984031936127743
473,501,4.0,Red Wing,Red Wing Large Sponge,0.7984031936127743
99,501,4.0,Golden,Golden Pancake Mix,0.7984031936127743
245,501,4.0,Best Choice,Best Choice Strawberry Fruit Roll,0.7984031936127743
478,502,4.0,Dollar,Dollar Monthly Auto Magazine,0.796812749003984
512,502,4.0,Tell Tale,Tell Tale Plums,0.796812749003984
80,502,4.0,Blue Medal,Blue Medal Large Eggs,0.796812749003984
1202,502,4.0,Colossal,Colossal Thai Rice,0.796812749003984
1203,503,4.0,Colossal,Colossal Rice Medly,0.7952286282306162
236,503,4.0,Best Choice,Best Choice Fondue Mix,0.7952286282306162
1305,503,4.0,Booker,Booker 2% Milk,0.7952286282306162
413,629,5.0,Big Time,Big Time Lime Popsicles,0.7949125596184419
198,504,4.0,High Top,High Top Red Delcious Apples,0.7936507936507936
705,504,4.0,Imagine,Imagine Orange Popsicles,0.7936507936507936
820,630,5.0,Ebony,Ebony Red Delcious Apples,0.7936507936507936
1431,631,5.0,Hermanos,Hermanos Elephant Garlic,0.7923930269413629
1351,505,4.0,Carrington,Carrington Lime Popsicles,0.7920792079207921
708,505,4.0,Imagine,Imagine Low Fat French Fries,0.7920792079207921
104,506,4.0,Golden,Golden Ice Cream Sandwich,0.7905138339920948
1528,507,4.0,Modell,Modell Muffins,0.7889546351084813
270,508,4.0,Good,Good Merlot Wine,0.7874015748031495
189,508,4.0,High Top,High Top Baby Onion,0.7874015748031495
535,508,4.0,Fast,Fast Fudge Brownies,0.7874015748031495
52,509,4.0,Club,Club Cheese Spread,0.7858546168958742
870,509,4.0,Nationeel,Nationeel Dried Dates,0.7858546168958742
721,511,4.0,Imagine,Imagine Pancake Mix,0.7827788649706457
386,639,5.0,Moms,Moms Potato Salad,0.7824726134585289
689,512,4.0,Cutting Edge,Cutting Edge Turkey Hot Dogs,0.78125
994,512,4.0,Even Better,Even Better 2% Milk,0.78125
43,514,4.0,Club,Club Low Fat Cottage Cheese,0.7782101167315175
1006,514,4.0,American,American Foot-Long Hot Dogs,0.7782101167315175
1016,514,4.0,National,National Large Brown Eggs,0.7782101167315175
828,514,4.0,Ebony,Ebony Canned Peanuts,0.7782101167315175
263,515,4.0,Medalist,Medalist Spaghetti,0.7766990291262136
53,515,4.0,Club,Club Sharp Cheddar Cheese,0.7766990291262136
1289,515,4.0,Toretti,Toretti Rosy Sunglasses,0.7766990291262136
1478,515,4.0,Fort West,Fort West Buttered Popcorn,0.7766990291262136
1174,516,4.0,Horatio,Horatio Fondue Mix,0.7751937984496124
1548,516,4.0,CDR,CDR Low Fat Apple Butter,0.7751937984496124
202,516,4.0,High Top,High Top Peaches,0.7751937984496124
648,516,4.0,Bravo,Bravo Turkey Noodle Soup,0.7751937984496124
1046,516,4.0,PigTail,PigTail Frozen Peas,0.7751937984496124
769,516,4.0,Cormorant,Cormorant D-Size Batteries,0.7751937984496124
650,516,4.0,Bravo,Bravo Canned Peas,0.7751937984496124
1477,516,4.0,Fort West,Fort West Cheese Crackers,0.7751937984496124
643,517,4.0,Bravo,Bravo Vegetable Soup,0.7736943907156674
1361,517,4.0,Carrington,Carrington Lemon Popsicles,0.7736943907156674
665,518,4.0,Gorilla,Gorilla Low Fat Cottage Cheese,0.7722007722007722
1275,518,4.0,Pleasant,Pleasant Turkey Noodle Soup,0.7722007722007722
1312,518,4.0,Lake,Lake Chicken Hot Dogs,0.7722007722007722
813,648,5.0,Ebony,Ebony Fresh Lima Beans,0.7716049382716049
926,519,4.0,BBB Best,BBB Best Low Fat Apple Butter,0.7707129094412332
633,519,4.0,Token,Token Apple Drink,0.7707129094412332
962,519,4.0,Just Right,Just Right Regular Ramen Soup,0.7707129094412332
1228,519,4.0,Plato,Plato Regular Coffee,0.7707129094412332
686,519,4.0,Cutting Edge,Cutting Edge Pimento Loaf,0.7707129094412332
1471,520,4.0,Fort West,Fort West Chocolate Chip Cookies,0.7692307692307693
560,520,4.0,Fast,Fast Raisins,0.7692307692307693
1293,520,4.0,Booker,Booker Low Fat Sour Cream,0.7692307692307693
590,521,4.0,Colony,Colony Muffins,0.7677543186180422
1171,521,4.0,Horatio,Horatio Avocado Dip,0.7677543186180422
96,521,4.0,Golden,Golden Turkey TV Dinner,0.7677543186180422
1121,522,4.0,Tri-State,Tri-State Red Pepper,0.7662835249042145
943,522,4.0,Fabulous,Fabulous Diet Soda,0.7662835249042145
778,522,4.0,Cormorant,Cormorant Copper Cleaner,0.7662835249042145
676,523,4.0,Gorilla,Gorilla Mild Cheddar Cheese,0.7648183556405354
717,523,4.0,Imagine,Imagine Frozen Carrots,0.7648183556405354
1095,524,4.0,High Quality,High Quality Bees Wax Candles,0.7633587786259541
115,524,4.0,Faux Products,Faux Products Whitening Toothpast,0.7633587786259541
1042,524,4.0,PigTail,PigTail Ice Cream Sandwich,0.7633587786259541
923,525,4.0,BBB Best,BBB Best Columbian Coffee,0.7619047619047619
204,525,4.0,High Top,High Top Mandarin Oranges,0.7619047619047619
513,525,4.0,Tell Tale,Tell Tale Peaches,0.7619047619047619
1168,525,4.0,Horatio,Horatio No Salt Popcorn,0.7619047619047619
440,658,5.0,Steady,Steady Childrens Cold Remedy,0.7598784194528876
21,527,4.0,Blue Label,Blue Label Vegetable Soup,0.7590132827324478
1350,527,4.0,Carrington,Carrington Home Style French Fries,0.7590132827324478
302,528,4.0,Super,Super Oregano,0.7575757575757576
595,528,4.0,Landslide,Landslide Chunky Peanut Butter,0.7575757575757576
213,528,4.0,High Top,High Top Tangerines,0.7575757575757576
1122,529,4.0,Tri-State,Tri-State Garlic,0.7561436672967864
306,529,4.0,Super,Super Strawberry Jam,0.7561436672967864
25,529,4.0,Blue Label,Blue Label Chicken Noodle Soup,0.7561436672967864
131,529,4.0,Faux Products,Faux Products Mint Mouthwash,0.7561436672967864
1430,530,4.0,Hermanos,Hermanos Lettuce,0.7547169811320755
647,530,4.0,Bravo,Bravo Chicken Noodle Soup,0.7547169811320755
185,530,4.0,High Top,High Top Potatos,0.7547169811320755
1414,530,4.0,Gerolli,Gerolli Seasoned Hamburger,0.7547169811320755
1552,531,4.0,CDR,CDR Apple Jelly,0.7532956685499058
295,531,4.0,Super,Super Grape Preserves,0.7532956685499058
438,531,4.0,Steady,Steady Dishwasher Detergent,0.7532956685499058
1245,532,4.0,Plato,Plato Creamy Peanut Butter,0.7518796992481203
1520,532,4.0,Top Measure,Top Measure Chardonnay,0.7518796992481203
1491,534,4.0,Fort West,Fort West Frosted Cookies,0.7490636704119851
239,535,4.0,Best Choice,Best Choice Chocolate Donuts,0.7476635514018692
255,536,4.0,Choice,Choice Malted Milk Balls,0.7462686567164178
1087,536,4.0,High Quality,High Quality Soft Napkins,0.7462686567164178
1037,537,4.0,PigTail,PigTail Pancake Mix,0.74487895716946
1138,537,4.0,Tri-State,Tri-State Fancy Plums,0.74487895716946
44,537,4.0,Club,Club Low Fat Sour Cream,0.74487895716946
1424,538,4.0,Hermanos,Hermanos New Potatos,0.7434944237918215
935,539,4.0,BBB Best,BBB Best Strawberry Preserves,0.7421150278293136
765,540,4.0,Cormorant,Cormorant Counter Cleaner,0.7407407407407408
1159,540,4.0,Horatio,Horatio Sugar Cookies,0.7407407407407408
1151,541,4.0,Tri-State,Tri-State Tangerines,0.7393715341959335
1332,541,4.0,Carrington,Carrington Orange Popsicles,0.7393715341959335
932,542,4.0,BBB Best,BBB Best Apple Jam,0.7380073800738007
1318,543,4.0,Lake,Lake Low Fat Cole Slaw,0.7366482504604052
1427,543,4.0,Hermanos,Hermanos Onions,0.7366482504604052
1290,543,4.0,Framton,Framton Eyeglass Screwdriver,0.7366482504604052
762,543,4.0,Cormorant,Cormorant Paper Cups,0.7366482504604052
1549,543,4.0,CDR,CDR Salt,0.7366482504604052
690,544,4.0,Cutting Edge,Cutting Edge Foot-Long Hot Dogs,0.7352941176470588
192,544,4.0,High Top,High Top Squash,0.7352941176470588
1036,545,4.0,PigTail,PigTail Beef TV Dinner,0.7339449541284404
121,545,4.0,Faux Products,Faux Products Apricot Shampoo,0.7339449541284404
1236,545,4.0,Plato,Plato Pepper,0.7339449541284404
433,547,4.0,Steady,Steady Childrens Aspirin,0.7312614259597806
1163,547,4.0,Horatio,Horatio Potato Chips,0.7312614259597806
553,547,4.0,Fast,Fast Frosted Cookies,0.7312614259597806
575,547,4.0,Shady Lake,Shady Lake Thai Rice,0.7312614259597806
385,549,4.0,Moms,Moms Sliced Ham,0.7285974499089253
1089,550,4.0,High Quality,High Quality Toilet Paper,0.7272727272727273
984,550,4.0,Even Better,Even Better Jack Cheese,0.7272727272727273
1517,414,3.0,Top Measure,Top Measure Chardonnay Wine,0.7246376811594203
1126,552,4.0,Tri-State,Tri-State Mushrooms,0.7246376811594203
1505,556,4.0,Gulf Coast,Gulf Coast Semi-Sweet Chocolate Bar,0.7194244604316548
405,556,4.0,Big Time,Big Time Apple Cinnamon Waffles,0.7194244604316548
1031,557,4.0,PigTail,PigTail Frozen Mushroom Pizza,0.718132854578097
1153,557,4.0,Dual City,Dual City Lox,0.718132854578097
317,557,4.0,Excellent,Excellent Cola,0.718132854578097
272,557,4.0,Good,Good White Zinfandel Wine,0.718132854578097
1002,558,4.0,American,American Pimento Loaf,0.7168458781362007
1331,558,4.0,Carrington,Carrington Low Fat Waffles,0.7168458781362007
1173,558,4.0,Horatio,Horatio Cheese Dip,0.7168458781362007
502,698,5.0,Tell Tale,Tell Tale Fresh Lima Beans,0.7163323782234957
917,559,4.0,BBB Best,BBB Best Regular Coffee,0.7155635062611807
1557,560,4.0,CDR,CDR Strawberry Preserves,0.7142857142857143
1445,561,4.0,Hermanos,Hermanos Macintosh Apples,0.7130124777183601
1277,561,4.0,Pleasant,Pleasant Canned Peas,0.7130124777183601
1259,561,4.0,Skinner,Skinner Apple Juice,0.7130124777183601
423,562,4.0,Big Time,Big Time Lemon Popsicles,0.7117437722419928
1485,562,4.0,Fort West,Fort West Fondue Mix,0.7117437722419928
1336,562,4.0,Carrington,Carrington Frozen Sausage Pizza,0.7117437722419928
974,564,4.0,Just Right,Just Right Fancy Canned Sardines,0.7092198581560284
533,564,4.0,Fast,Fast Chocolate Chip Cookies,0.7092198581560284
1394,564,4.0,Sunset,Sunset 25 Watt Lightbulb,0.7092198581560284
1038,424,3.0,PigTail,PigTail Grape Popsicles,0.7075471698113208
1556,566,4.0,CDR,CDR Creamy Peanut Butter,0.7067137809187279
1360,567,4.0,Carrington,Carrington Frozen Chicken Wings,0.7054673721340388
1199,567,4.0,Colossal,Colossal Ravioli,0.7054673721340388
448,567,4.0,Red Wing,Red Wing 100 Watt Lightbulb,0.7054673721340388
363,567,4.0,Carlson,Carlson Cheese Spread,0.7054673721340388
963,571,4.0,Just Right,Just Right Chicken Noodle Soup,0.7005253940455342
546,573,4.0,Fast,Fast Cheese Dip,0.6980802792321117
819,573,4.0,Ebony,Ebony Golden Delcious Apples,0.6980802792321117
753,575,4.0,Consolidated,Consolidated Mint Mouthwash,0.6956521739130435
330,576,4.0,Better,Better Chicken Soup,0.6944444444444444
329,576,4.0,Better,Better Canned String Beans,0.6944444444444444
1278,576,4.0,Pleasant,Pleasant Chicken Ramen Soup,0.6944444444444444
991,577,4.0,Even Better,Even Better Sharp Cheddar Cheese,0.6932409012131715
606,577,4.0,Landslide,Landslide Grape Preserves,0.6932409012131715
218,433,3.0,Best Choice,Best Choice BBQ Potato Chips,0.6928406466512702
220,434,3.0,Best Choice,Best Choice Low Fat BBQ Chips,0.6912442396313364
1237,580,4.0,Plato,Plato Low Fat Apple Butter,0.6896551724137931
956,581,4.0,Just Right,Just Right Canned String Beans,0.6884681583476765
407,581,4.0,Big Time,Big Time Turkey TV Dinner,0.6884681583476765
772,582,4.0,Cormorant,Cormorant Scented Tissue,0.6872852233676976
1051,437,3.0,Bird Call,Bird Call Silky Smooth Hair Conditioner,0.6864988558352403
1521,584,4.0,Top Measure,Top Measure White Zinfandel Wine,0.684931506849315
529,584,4.0,Fast,Fast BBQ Potato Chips,0.684931506849315
1412,585,4.0,Sunset,Sunset Screw Driver,0.6837606837606838
1284,585,4.0,Pleasant,Pleasant Fancy Canned Oysters,0.6837606837606838
1215,586,4.0,Sphinx,Sphinx English Muffins,0.6825938566552902
743,440,3.0,Consolidated,Consolidated Apricot Shampoo,0.6818181818181818
201,441,3.0,High Top,High Top Plums,0.6802721088435374
425,589,4.0,Steady,Steady Tartar Control Toothpaste,0.6791171477079796
1356,589,4.0,Carrington,Carrington Frozen Corn,0.6791171477079796
934,589,4.0,BBB Best,BBB Best Creamy Peanut Butter,0.6791171477079796
699,442,3.0,Jumbo,Jumbo Small Brown Eggs,0.6787330316742082
1451,593,4.0,Hermanos,Hermanos Peaches,0.6745362563237773
609,594,4.0,Landslide,Landslide Pepper,0.6734006734006733
1117,447,3.0,Tri-State,Tri-State Green Pepper,0.6711409395973155
400,599,4.0,Big Time,Big Time Fajita French Fries,0.667779632721202
916,599,4.0,BBB Best,BBB Best Decaf Coffee,0.667779632721202
849,599,4.0,Nationeel,Nationeel Graham Crackers,0.667779632721202
1467,600,4.0,Fort West,Fort West BBQ Potato Chips,0.6666666666666667
437,601,4.0,Steady,Steady HCL Nasal Spray,0.6655574043261231
1347,601,4.0,Carrington,Carrington Beef TV Dinner,0.6655574043261231
175,601,4.0,High Top,High Top New Potatos,0.6655574043261231
1366,603,4.0,Hilltop,Hilltop Deodorant,0.6633499170812603
1092,604,4.0,High Quality,High Quality Room Freshener,0.6622516556291391
1382,605,4.0,Sunset,Sunset Plastic Forks,0.6611570247933884
1544,454,3.0,CDR,CDR Grape Preserves,0.6607929515418502
793,454,3.0,Ebony,Ebony Summer Squash,0.6607929515418502
464,454,3.0,Red Wing,Red Wing Scented Toilet Tissue,0.6607929515418502
200,455,3.0,High Top,High Top Fancy Plums,0.6593406593406593
403,608,4.0,Big Time,Big Time Frozen Cheese Pizza,0.6578947368421052
1217,608,4.0,Sphinx,Sphinx Muffins,0.6578947368421052
1368,609,4.0,Hilltop,Hilltop Extra Moisture Shampoo,0.6568144499178982
1267,458,3.0,Pleasant,Pleasant Canned String Beans,0.6550218340611353
309,611,4.0,Super,Super Extra Chunky Peanut Butter,0.6546644844517185
344,611,4.0,Better,Better Fancy Canned Anchovies,0.6546644844517185
646,460,3.0,Bravo,Bravo Regular Ramen Soup,0.6521739130434783
896,617,4.0,Pearl,Pearl Chablis Wine,0.6482982171799028
507,464,3.0,Tell Tale,Tell Tale Macintosh Apples,0.646551724137931
101,465,3.0,Golden,Golden Home Style French Fries,0.6451612903225806
582,465,3.0,Walrus,Walrus Chardonnay,0.6451612903225806
591,465,3.0,Colony,Colony Bagels,0.6451612903225806
251,466,3.0,Best Choice,Best Choice Dried Apricots,0.6437768240343348
1175,468,3.0,Horatio,Horatio Mini Donuts,0.641025641025641
333,625,4.0,Better,Better Canned Tomatos,0.64
924,626,4.0,BBB Best,BBB Best Strawberry Jelly,0.6389776357827476
157,471,3.0,Denny,Denny Bees Wax Candles,0.6369426751592357
756,472,3.0,Cormorant,Cormorant Plastic Spoons,0.6355932203389831
150,473,3.0,Denny,Denny Scented Tissue,0.6342494714587738
35,473,3.0,Blue Label,Blue Label Fancy Canned Oysters,0.6342494714587738
802,475,3.0,Ebony,Ebony Shitake Mushrooms,0.631578947368421
72,475,3.0,Red Spade,Red Spade Corned Beef,0.631578947368421
1216,478,3.0,Sphinx,Sphinx Cranberry Muffins,0.6276150627615062
203,478,3.0,High Top,High Top Broccoli,0.6276150627615062
146,480,3.0,Denny,Denny AA-Size Batteries,0.625
821,480,3.0,Ebony,Ebony Lemons,0.625
1071,481,3.0,High Quality,High Quality Plastic Forks,0.6237006237006237
640,481,3.0,Bravo,Bravo Canned String Beans,0.6237006237006237
556,481,3.0,Fast,Fast Strawberry Fruit Roll,0.6237006237006237
1049,481,3.0,PigTail,PigTail Frozen Chicken Wings,0.6237006237006237
1381,482,3.0,Sunset,Sunset 60 Watt Lightbulb,0.6224066390041494
1238,483,3.0,Plato,Plato Salt,0.6211180124223602
607,484,3.0,Landslide,Landslide Columbian Coffee,0.6198347107438017
1286,484,3.0,Pleasant,Pleasant Rice Soup,0.6198347107438017
768,484,3.0,Cormorant,Cormorant AA-Size Batteries,0.6198347107438017
704,485,3.0,Imagine,Imagine Low Fat Waffles,0.6185567010309279
565,485,3.0,Atomic,Atomic Mint Chocolate Bar,0.6185567010309279
1160,485,3.0,Horatio,Horatio Chocolate Chip Cookies,0.6185567010309279
651,485,3.0,Bravo,Bravo Chicken Ramen Soup,0.6185567010309279
569,486,3.0,Atomic,Atomic Spicy Mints,0.6172839506172839
459,486,3.0,Red Wing,Red Wing Paper Towels,0.6172839506172839
1338,487,3.0,Carrington,Carrington Fajita French Fries,0.6160164271047228
472,487,3.0,Red Wing,Red Wing Scissors,0.6160164271047228
335,490,3.0,Better,Better Regular Ramen Soup,0.6122448979591837
1334,490,3.0,Carrington,Carrington Frozen Pancakes,0.6122448979591837
810,491,3.0,Ebony,Ebony Mushrooms,0.6109979633401221
36,492,3.0,Blue Label,Blue Label Fancy Canned Sardines,0.6097560975609756
1509,494,3.0,Gulf Coast,Gulf Coast White Chocolate Bar,0.6072874493927125
1391,494,3.0,Sunset,Sunset Toilet Bowl Cleaner,0.6072874493927125
290,496,3.0,Super,Super Regular Coffee,0.6048387096774194
58,496,3.0,Club,Club Chocolate Milk,0.6048387096774194
970,497,3.0,Just Right,Just Right Large Canned Shrimp,0.6036217303822937
247,497,3.0,Best Choice,Best Choice Grape Fruit Roll,0.6036217303822937
776,497,3.0,Cormorant,Cormorant Room Freshener,0.6036217303822937
489,498,3.0,Tell Tale,Tell Tale Onions,0.6024096385542169
381,498,3.0,Moms,Moms Cole Slaw,0.6024096385542169
637,499,3.0,Radius,Radius Grits,0.6012024048096193
628,499,3.0,Token,Token Cola,0.6012024048096193
1486,499,3.0,Fort West,Fort West Mini Donuts,0.6012024048096193
221,500,3.0,Best Choice,Best Choice Sugar Cookies,0.6
1094,500,3.0,High Quality,High Quality Copper Cleaner,0.6
57,501,3.0,Club,Club Buttermilk,0.5988023952095809
1242,504,3.0,Plato,Plato Grape Jam,0.5952380952380952
990,505,3.0,Even Better,Even Better Cheese Spread,0.594059405940594
1493,505,3.0,Fort West,Fort West Apple Fruit Roll,0.594059405940594
382,675,4.0,Moms,Moms Roasted Chicken,0.5925925925925926
758,507,3.0,Cormorant,Cormorant C-Size Batteries,0.591715976331361
586,507,3.0,Colony,Colony White Bread,0.591715976331361
291,507,3.0,Super,Super Vegetable Oil,0.591715976331361
654,508,3.0,Bravo,Bravo Large Canned Shrimp,0.5905511811023622
1054,508,3.0,Bird Call,Bird Call Toothpaste,0.5905511811023622
625,508,3.0,Token,Token Strawberry Drink,0.5905511811023622
1449,508,3.0,Hermanos,Hermanos Fancy Plums,0.5905511811023622
1545,509,3.0,CDR,CDR Columbian Coffee,0.5893909626719057
831,510,3.0,Ebony,Ebony Honey Dew,0.5882352941176471
1489,510,3.0,Fort West,Fort West Low Fat Chips,0.5882352941176471
1010,512,3.0,American,American Corned Beef,0.5859375
308,514,3.0,Super,Super Strawberry Preserves,0.5836575875486382
1229,514,3.0,Plato,Plato Vegetable Oil,0.5836575875486382
642,515,3.0,Bravo,Bravo Canned Yams,0.5825242718446602
798,515,3.0,Ebony,Ebony Beets,0.5825242718446602
1507,517,3.0,Gulf Coast,Gulf Coast Spicy Mints,0.5802707930367506
8,518,3.0,Washington,Washington Orange Juice,0.5791505791505791
589,519,3.0,Colony,Colony Cranberry Muffins,0.5780346820809248
259,519,3.0,Choice,Choice Mints,0.5780346820809248
1108,519,3.0,Mighty Good,Mighty Good Monthly Fashion Magazine,0.5780346820809248
1078,519,3.0,High Quality,High Quality Paper Cups,0.5780346820809248
538,520,3.0,Fast,Fast Graham Crackers,0.576923076923077
698,520,3.0,Cutting Edge,Cutting Edge Sliced Chicken,0.576923076923077
785,521,3.0,Cormorant,Cormorant Screw Driver,0.5758157389635317
788,521,3.0,Excel,Excel Monthly Sports Magazine,0.5758157389635317
830,521,3.0,Ebony,Ebony Cantelope,0.5758157389635317
927,521,3.0,BBB Best,BBB Best Salt,0.5758157389635317
805,523,3.0,Ebony,Ebony Red Pepper,0.5736137667304015
117,525,3.0,Faux Products,Faux Products Deodorant,0.5714285714285714
1494,525,3.0,Fort West,Fort West Strawberry Fruit Roll,0.5714285714285714
1059,525,3.0,Bird Call,Bird Call Apricot Shampoo,0.5714285714285714
1296,526,3.0,Booker,Booker Muenster Cheese,0.5703422053231939
1358,526,3.0,Carrington,Carrington Popsicles,0.5703422053231939
1066,526,3.0,Bird Call,Bird Call Multi-Symptom Cold Remedy,0.5703422053231939
978,526,3.0,Symphony,Symphony Rosy Sunglasses,0.5703422053231939
79,526,3.0,Blue Medal,Blue Medal Small Eggs,0.5703422053231939
391,527,3.0,Urban,Urban Large Eggs,0.5692599620493358
1419,527,3.0,Gauss,Gauss Monthly Fashion Magazine,0.5692599620493358
73,528,3.0,Red Spade,Red Spade Sliced Turkey,0.5681818181818182
1501,528,3.0,Fort West,Fort West Frosted Donuts,0.5681818181818182
1553,529,3.0,CDR,CDR Grape Jam,0.5671077504725899
173,529,3.0,High Top,High Top Asparagus,0.5671077504725899
839,529,3.0,Nationeel,Nationeel Low Fat Cookies,0.5671077504725899
867,531,3.0,Nationeel,Nationeel Strawberry Fruit Roll,0.5649717514124294
67,533,3.0,Red Spade,Red Spade Turkey Hot Dogs,0.5628517823639775
1363,533,3.0,Hilltop,Hilltop Tartar Control Toothpaste,0.5628517823639775
662,534,3.0,Prelude,Prelude Rosy Sunglasses,0.5617977528089888
826,534,3.0,Ebony,Ebony Mandarin Oranges,0.5617977528089888
740,534,3.0,Consolidated,Consolidated Conditioning Shampoo,0.5617977528089888
638,535,3.0,Bravo,Bravo Canned Beets,0.5607476635514018
1534,535,3.0,CDR,CDR Hot Chocolate,0.5607476635514018
783,535,3.0,Cormorant,Cormorant Scissors,0.5607476635514018
1310,536,3.0,Booker,Booker Strawberry Yogurt,0.5597014925373134
922,536,3.0,BBB Best,BBB Best Grape Preserves,0.5597014925373134
997,537,3.0,Even Better,Even Better 1% Milk,0.5586592178770949
683,538,3.0,Gorilla,Gorilla Strawberry Yogurt,0.5576208178438662
228,538,3.0,Best Choice,Best Choice Cheese Crackers,0.5576208178438662
804,539,3.0,Ebony,Ebony Elephant Garlic,0.5565862708719851
671,539,3.0,Gorilla,Gorilla Low Fat String Cheese,0.5565862708719851
1265,541,3.0,Pleasant,Pleasant Canned Beets,0.5545286506469501
599,542,3.0,Landslide,Landslide French Roast Coffee,0.5535055350553505
1028,542,3.0,PigTail,PigTail Waffles,0.5535055350553505
960,542,3.0,Just Right,Just Right Canned Tomatos,0.5535055350553505
1426,543,3.0,Hermanos,Hermanos Prepared Salad,0.5524861878453038
1005,544,3.0,American,American Turkey Hot Dogs,0.5514705882352942
283,546,3.0,Super,Super Sesame Oil,0.5494505494505495
1056,548,3.0,Bird Call,Bird Call Conditioning Shampoo,0.5474452554744526
691,548,3.0,Cutting Edge,Cutting Edge Low Fat Cole Slaw,0.5474452554744526
1325,549,3.0,Lake,Lake Sliced Chicken,0.546448087431694
1189,549,3.0,Horatio,Horatio Dried Apricots,0.546448087431694
503,550,3.0,Tell Tale,Tell Tale Squash,0.5454545454545455
847,550,3.0,Nationeel,Nationeel Potato Chips,0.5454545454545455
858,550,3.0,Nationeel,Nationeel Fondue Mix,0.5454545454545455
523,552,3.0,Tell Tale,Tell Tale Oranges,0.5434782608695652
276,553,3.0,Great,Great Rye Bread,0.5424954792043399
1504,554,3.0,Gulf Coast,Gulf Coast Malted Milk Balls,0.5415162454873645
88,555,3.0,Golden,Golden Blueberry Waffles,0.5405405405405406
1369,558,3.0,Hilltop,Hilltop Angled Toothbrush,0.5376344086021506
97,559,3.0,Golden,Golden Chicken TV Dinner,0.5366726296958855
685,560,3.0,Cutting Edge,Cutting Edge Chicken Hot Dogs,0.5357142857142857
655,560,3.0,Bravo,Bravo Fancy Canned Anchovies,0.5357142857142857
1152,563,3.0,Tri-State,Tri-State Party Nuts,0.5328596802841918
377,563,3.0,Moms,Moms Low Fat Bologna,0.5328596802841918
1129,564,3.0,Tri-State,Tri-State Fresh Lima Beans,0.5319148936170213
1415,564,3.0,Gauss,Gauss Monthly Sports Magazine,0.5319148936170213
889,565,3.0,Discover,Discover Manicotti,0.5309734513274336
1145,567,3.0,Tri-State,Tri-State Sweet Onion,0.5291005291005291
731,567,3.0,Imagine,Imagine Popsicles,0.5291005291005291
319,568,3.0,Excellent,Excellent Orange Juice,0.528169014084507
1223,568,3.0,Plato,Plato Hot Chocolate,0.528169014084507
232,568,3.0,Best Choice,Best Choice Salsa Dip,0.528169014084507
1195,568,3.0,Musial,Musial Bubble Gum,0.528169014084507
1047,569,3.0,PigTail,PigTail Popsicles,0.5272407732864675
111,569,3.0,Golden,Golden Frozen Chicken Wings,0.5272407732864675
1349,570,3.0,Carrington,Carrington Grape Popsicles,0.5263157894736842
1526,570,3.0,Modell,Modell English Muffins,0.5263157894736842
1400,572,3.0,Sunset,Sunset Toilet Paper,0.5244755244755245
803,574,3.0,Ebony,Ebony Lettuce,0.5226480836236934
570,575,3.0,Atomic,Atomic Mints,0.5217391304347827
1191,575,3.0,Musial,Musial Tasty Candy Bar,0.5217391304347827
965,577,3.0,Just Right,Just Right Beef Soup,0.5199306759098787
525,580,3.0,Tell Tale,Tell Tale Party Nuts,0.5172413793103449
873,580,3.0,Nationeel,Nationeel Dried Apricots,0.5172413793103449
411,582,3.0,Big Time,Big Time Grape Popsicles,0.5154639175257731
876,583,3.0,Thresher,Thresher Mint Chocolate Bar,0.5145797598627788
30,584,3.0,Blue Label,Blue Label Canned Tuna in Water,0.5136986301369862
812,585,3.0,Ebony,Ebony Dried Mushrooms,0.5128205128205128
576,587,3.0,Shady Lake,Shady Lake Rice Medly,0.5110732538330494
1387,588,3.0,Sunset,Sunset AAA-Size Batteries,0.5102040816326531
909,592,3.0,Fantastic,Fantastic Wheat Bread,0.5067567567567568
315,593,3.0,Excellent,Excellent Cream Soda,0.5059021922428331
95,593,3.0,Golden,Golden Frozen Carrots,0.5059021922428331
257,396,2.0,Choice,Choice Bubble Gum,0.5050505050505051
976,595,3.0,Big City,Big City Canned Mixed Fruit,0.5042016806722689
1324,597,3.0,Lake,Lake Potato Salad,0.5025125628140703
1416,599,3.0,Gauss,Gauss Monthly Auto Magazine,0.5008347245409015
1352,607,3.0,Carrington,Carrington Ice Cream,0.4942339373970346
297,608,3.0,Super,Super Strawberry Jelly,0.4934210526315789
855,617,3.0,Nationeel,Nationeel Avocado Dip,0.48622366288492713
436,620,3.0,Steady,Steady 200 MG Acetominifen,0.4838709677419355
1398,624,3.0,Sunset,Sunset Soft Napkins,0.4807692307692308
1116,419,2.0,Tri-State,Tri-State Onions,0.47732696897374705
334,629,3.0,Better,Better Noodle Soup,0.47694753577106513
1308,630,3.0,Booker,Booker 1% Milk,0.4761904761904762
55,424,2.0,Club,Club Large Curd Cottage Cheese,0.4716981132075472
884,641,3.0,Monarch,Monarch Manicotti,0.46801872074883
314,430,2.0,Excellent,Excellent Strawberry Drink,0.46511627906976744
764,452,2.0,Cormorant,Cormorant Toilet Bowl Cleaner,0.4424778761061947
1558,453,2.0,CDR,CDR Extra Chunky Peanut Butter,0.44150110375275936
670,455,2.0,Gorilla,Gorilla String Cheese,0.43956043956043955
136,457,2.0,Denny,Denny C-Size Batteries,0.437636761487965
1457,458,2.0,Hermanos,Hermanos Cantelope,0.43668122270742354
1513,461,2.0,Jardon,Jardon Thai Rice,0.43383947939262474
499,462,2.0,Tell Tale,Tell Tale Mushrooms,0.4329004329004329
56,463,2.0,Club,Club 2% Milk,0.4319654427645789
757,463,2.0,Cormorant,Cormorant Plastic Knives,0.4319654427645789
695,463,2.0,Cutting Edge,Cutting Edge Sliced Turkey,0.4319654427645789
1240,465,2.0,Plato,Plato Oregano,0.43010752688172044
87,468,2.0,Golden,Golden Frozen Sausage Pizza,0.4273504273504274
84,469,2.0,Golden,Golden Frozen Chicken Breast,0.42643923240938164
1219,469,2.0,Sphinx,Sphinx Blueberry Muffins,0.42643923240938164
193,469,2.0,High Top,High Top Limes,0.42643923240938164
1512,472,2.0,Jardon,Jardon Spaghetti,0.423728813559322
1109,476,2.0,Tri-State,Tri-State Summer Squash,0.42016806722689076
966,483,2.0,Just Right,Just Right Canned Peas,0.4140786749482402
147,488,2.0,Denny,Denny D-Size Batteries,0.4098360655737705
222,489,2.0,Best Choice,Best Choice Chocolate Chip Cookies,0.408997955010225
191,490,2.0,High Top,High Top Fresh Lima Beans,0.40816326530612246
237,490,2.0,Best Choice,Best Choice Mini Donuts,0.40816326530612246
567,490,2.0,Atomic,Atomic Semi-Sweet Chocolate Bar,0.40816326530612246
614,491,2.0,Landslide,Landslide Apple Jelly,0.40733197556008144
1468,491,2.0,Fort West,Fort West Corn Chips,0.40733197556008144
693,492,2.0,Cutting Edge,Cutting Edge Roasted Chicken,0.40650406504065045
1304,492,2.0,Booker,Booker Large Curd Cottage Cheese,0.40650406504065045
744,493,2.0,Consolidated,Consolidated Childrens Aspirin,0.4056795131845842
1015,497,2.0,National,National Small Brown Eggs,0.4024144869215292
1077,498,2.0,High Quality,High Quality Paper Plates,0.4016064257028112
1254,498,2.0,Skinner,Skinner Diet Soda,0.4016064257028112
217,498,2.0,Best Choice,Best Choice Low Fat Cookies,0.4016064257028112
652,498,2.0,Bravo,Bravo Canned Tuna in Water,0.4016064257028112
1379,498,2.0,Hilltop,Hilltop Laundry Detergent,0.4016064257028112
853,501,2.0,Nationeel,Nationeel Low Fat Popcorn,0.39920159680638717
89,501,2.0,Golden,Golden Fajita French Fries,0.39920159680638717
548,502,2.0,Fast,Fast Mini Donuts,0.398406374501992
1315,504,2.0,Lake,Lake Low Fat Bologna,0.3968253968253968
673,506,2.0,Gorilla,Gorilla Head Cheese,0.3952569169960474
1057,506,2.0,Bird Call,Bird Call Extra Moisture Shampoo,0.3952569169960474
124,507,2.0,Faux Products,Faux Products 200 MG Ibuprofen,0.39447731755424065
1359,508,2.0,Carrington,Carrington Frozen Chicken Thighs,0.39370078740157477
748,510,2.0,Consolidated,Consolidated HCL Nasal Spray,0.39215686274509803
1302,512,2.0,Booker,Booker Sharp Cheddar Cheese,0.390625
838,513,2.0,Curlew,Curlew Scallops,0.3898635477582846
69,513,2.0,Red Spade,Red Spade Low Fat Cole Slaw,0.3898635477582846
141,513,2.0,Denny,Denny 75 Watt Lightbulb,0.3898635477582846
1060,514,2.0,Bird Call,Bird Call Childrens Aspirin,0.38910505836575876
1020,514,2.0,PigTail,PigTail Low Fat Waffles,0.38910505836575876
1209,514,2.0,Portsmouth,Portsmouth Chardonnay,0.38910505836575876
818,516,2.0,Ebony,Ebony Macintosh Apples,0.3875968992248062
1518,516,2.0,Top Measure,Top Measure Chablis Wine,0.3875968992248062
78,517,2.0,Blue Medal,Blue Medal Large Brown Eggs,0.3868471953578337
1000,517,2.0,Even Better,Even Better Blueberry Yogurt,0.3868471953578337
168,518,2.0,Robust,Robust Monthly Computer Magazine,0.3861003861003861
627,520,2.0,Token,Token Diet Soda,0.38461538461538464
1058,520,2.0,Bird Call,Bird Call Angled Toothbrush,0.38461538461538464
1470,521,2.0,Fort West,Fort West Sugar Cookies,0.3838771593090211
508,522,2.0,Tell Tale,Tell Tale Golden Delcious Apples,0.38314176245210724
161,523,2.0,Denny,Denny Scissors,0.3824091778202677
1055,524,2.0,Bird Call,Bird Call Deodorant,0.38167938931297707
746,524,2.0,Consolidated,Consolidated 200 MG Ibuprofen,0.38167938931297707
1543,525,2.0,CDR,CDR Canola Oil,0.38095238095238093
775,526,2.0,Cormorant,Cormorant Scented Toilet Tissue,0.38022813688212925
1460,526,2.0,Hermanos,Hermanos Walnuts,0.38022813688212925
494,527,2.0,Tell Tale,Tell Tale Red Pepper,0.3795066413662239
1225,527,2.0,Plato,Plato White Sugar,0.3795066413662239
807,528,2.0,Ebony,Ebony Potatos,0.3787878787878788
288,528,2.0,Super,Super French Roast Coffee,0.3787878787878788
677,532,2.0,Gorilla,Gorilla Large Curd Cottage Cheese,0.37593984962406013
318,533,2.0,Excellent,Excellent Diet Cola,0.37523452157598497
303,534,2.0,Super,Super Apple Jelly,0.37453183520599254
920,535,2.0,BBB Best,BBB Best Tomato Sauce,0.3738317757009346
634,535,2.0,Radius,Radius Oatmeal,0.3738317757009346
542,535,2.0,Fast,Fast Low Fat Popcorn,0.3738317757009346
155,536,2.0,Denny,Denny Frying Pan,0.3731343283582089
1082,537,2.0,High Quality,High Quality Glass Cleaner,0.37243947858473
1247,537,2.0,Plato,Plato Extra Chunky Peanut Butter,0.37243947858473
745,537,2.0,Consolidated,Consolidated Buffered Aspirin,0.37243947858473
1300,538,2.0,Booker,Booker Head Cheese,0.37174721189591076
737,538,2.0,Consolidated,Consolidated Whitening Toothpast,0.37174721189591076
260,541,2.0,Choice,Choice White Chocolate Bar,0.36968576709796674
1205,542,2.0,Portsmouth,Portsmouth Light Wine,0.36900369003690037
430,546,2.0,Steady,Steady Extra Moisture Shampoo,0.3663003663003663
352,548,2.0,Black Tie,Black Tie Eyeglass Screwdriver,0.36496350364963503
1311,548,2.0,Booker,Booker Blueberry Yogurt,0.36496350364963503
624,548,2.0,Token,Token Mango Drink,0.36496350364963503
773,549,2.0,Cormorant,Cormorant Toilet Paper,0.36429872495446264
728,552,2.0,Imagine,Imagine Frozen Broccoli,0.36231884057971014
1399,553,2.0,Sunset,Sunset Scented Tissue,0.3616636528028933
971,553,2.0,Just Right,Just Right Fancy Canned Anchovies,0.3616636528028933
942,556,2.0,Fabulous,Fabulous Cream Soda,0.3597122302158274
901,557,2.0,Fantastic,Fantastic Pumpernickel Bread,0.3590664272890485
326,557,2.0,Best,Best Grits,0.3590664272890485
760,557,2.0,Cormorant,Cormorant AAA-Size Batteries,0.3590664272890485
973,559,2.0,Just Right,Just Right Fancy Canned Oysters,0.35778175313059035
980,560,2.0,James Bay,James Bay City Map,0.35714285714285715
1499,561,2.0,Fort West,Fort West Golden Raisins,0.35650623885918004
1530,561,2.0,Modell,Modell Blueberry Muffins,0.35650623885918004
718,563,2.0,Imagine,Imagine Turkey TV Dinner,0.3552397868561279
498,566,2.0,Tell Tale,Tell Tale Tomatos,0.35335689045936397
602,577,2.0,Landslide,Landslide Vegetable Oil,0.34662045060658575
1110,577,2.0,Tri-State,Tri-State Corn on the Cob,0.34662045060658575
1136,578,2.0,Tri-State,Tri-State Red Delcious Apples,0.34602076124567477
452,579,2.0,Red Wing,Red Wing 75 Watt Lightbulb,0.3454231433506045
1180,580,2.0,Horatio,Horatio Frosted Cookies,0.3448275862068966
885,583,2.0,Monarch,Monarch Spaghetti,0.34305317324185247
1124,584,2.0,Tri-State,Tri-State Cauliflower,0.3424657534246575
878,587,2.0,Thresher,Thresher Semi-Sweet Chocolate Bar,0.34071550255536626
725,589,2.0,Imagine,Imagine Ice Cream,0.3395585738539898
1345,592,2.0,Carrington,Carrington Turkey TV Dinner,0.33783783783783783
223,594,2.0,Best Choice,Best Choice Fudge Cookies,0.33670033670033667
967,596,2.0,Just Right,Just Right Chicken Ramen Soup,0.33557046979865773
414,601,2.0,Big Time,Big Time Ice Cream,0.33277870216306155
349,602,2.0,Swell,Swell Canned Mixed Fruit,0.33222591362126247
1373,603,2.0,Hilltop,Hilltop 200 MG Ibuprofen,0.33167495854063017
379,604,2.0,Moms,Moms Foot-Long Hot Dogs,0.33112582781456956
937,605,2.0,BBB Best,BBB Best Apple Preserves,0.3305785123966942
394,613,2.0,Big Time,Big Time Orange Popsicles,0.3262642740619902
410,622,2.0,Big Time,Big Time Pancake Mix,0.3215434083601286
751,626,2.0,Consolidated,Consolidated Childrens Cold Remedy,0.3194888178913738
1297,631,2.0,Booker,Booker String Cheese,0.31695721077654515
827,653,2.0,Ebony,Ebony Mixed Nuts,0.3062787136294028
1280,439,1.0,Pleasant,Pleasant Canned Tuna in Oil,0.22779043280182232
5,440,1.0,Washington,Washington Diet Soda,0.22727272727272727
60,442,1.0,Club,Club Whole Milk,0.22624434389140274
781,461,1.0,Cormorant,Cormorant Copper Pot Scrubber,0.21691973969631237
226,471,1.0,Best Choice,Best Choice Lemon Cookies,0.21231422505307856
209,474,1.0,High Top,High Top Honey Dew,0.21097046413502107
50,477,1.0,Club,Club Havarti Cheese,0.20964360587002098
1303,477,1.0,Booker,Booker Mild Cheddar Cheese,0.20964360587002098
1097,478,1.0,High Quality,High Quality Copper Pot Scrubber,0.20920502092050208
796,479,1.0,Ebony,Ebony Sweet Peas,0.20876826722338201
77,479,1.0,Blue Medal,Blue Medal Small Brown Eggs,0.20876826722338201
110,479,1.0,Golden,Golden Frozen Chicken Thighs,0.20876826722338201
1476,482,1.0,Fort West,Fort West Graham Crackers,0.2074688796680498
955,482,1.0,Just Right,Just Right Creamed Corn,0.2074688796680498
1023,486,1.0,PigTail,PigTail Frozen Pancakes,0.205761316872428
1027,487,1.0,PigTail,PigTail Fajita French Fries,0.20533880903490762
151,489,1.0,Denny,Denny Toilet Paper,0.2044989775051125
720,490,1.0,Imagine,Imagine Beef TV Dinner,0.20408163265306123
1032,490,1.0,PigTail,PigTail Apple Cinnamon Waffles,0.20408163265306123
1119,497,1.0,Tri-State,Tri-State Lettuce,0.2012072434607646
235,499,1.0,Best Choice,Best Choice Cheese Dip,0.2004008016032064
1326,499,1.0,Giant,Giant Small Brown Eggs,0.2004008016032064
346,501,1.0,Better,Better Fancy Canned Oysters,0.19960079840319359
92,508,1.0,Golden,Golden Frozen Cheese Pizza,0.19685039370078738
1341,509,1.0,Carrington,Carrington Frozen Cheese Pizza,0.19646365422396855
224,509,1.0,Best Choice,Best Choice Fudge Brownies,0.19646365422396855
186,510,1.0,High Top,High Top Cauliflower,0.19607843137254902
1492,513,1.0,Fort West,Fort West Dried Apples,0.1949317738791423
1090,518,1.0,High Quality,High Quality Tissues,0.19305019305019305
706,520,1.0,Imagine,Imagine Frozen Chicken Breast,0.19230769230769232
285,522,1.0,Super,Super Hot Chocolate,0.19157088122605362
243,523,1.0,Best Choice,Best Choice Dried Apples,0.19120458891013384
367,524,1.0,Carlson,Carlson 2% Milk,0.19083969465648853
1495,526,1.0,Fort West,Fort West Raspberry Fruit Roll,0.19011406844106463
933,530,1.0,BBB Best,BBB Best Strawberry Jam,0.18867924528301888
1188,532,1.0,Horatio,Horatio Golden Raisins,0.18796992481203006
94,535,1.0,Golden,Golden Apple Cinnamon Waffles,0.1869158878504673
1466,538,1.0,Fort West,Fort West Low Fat Cookies,0.18587360594795538
979,538,1.0,James Bay,James Bay Eyeglass Screwdriver,0.18587360594795538
85,541,1.0,Golden,Golden Frozen Pancakes,0.18484288354898337
158,547,1.0,Denny,Denny Silver Cleaner,0.18281535648994515
1150,551,1.0,Tri-State,Tri-State Oranges,0.18148820326678766
1344,552,1.0,Carrington,Carrington Frozen Carrots,0.18115942028985507
1516,556,1.0,Top Measure,Top Measure Light Wine,0.1798561151079137
500,562,1.0,Tell Tale,Tell Tale Baby Onion,0.1779359430604982
930,562,1.0,BBB Best,BBB Best Apple Jelly,0.1779359430604982
482,564,1.0,Tell Tale,Tell Tale Summer Squash,0.1773049645390071
227,567,1.0,Best Choice,Best Choice Graham Crackers,0.1763668430335097
846,571,1.0,Nationeel,Nationeel Fudge Brownies,0.17513134851138354
1440,579,1.0,Hermanos,Hermanos Fresh Lima Beans,0.17271157167530224
402,579,1.0,Big Time,Big Time Frozen Pepperoni Pizza,0.17271157167530224
1299,585,1.0,Booker,Booker Havarti Cheese,0.17094017094017094
248,588,1.0,Best Choice,Best Choice Dried Dates,0.17006802721088435
1282,602,1.0,Pleasant,Pleasant Fancy Canned Anchovies,0.16611295681063123
925,603,1.0,BBB Best,BBB Best Pepper,0.16583747927031509
31,466,0.0,Blue Label,Blue Label Canned Tuna in Oil,0.0
1007,563,0.0,American,American Low Fat Cole Slaw,0.0
445,531,0.0,Red Wing,Red Wing Plastic Spoons,0.0
1030,529,0.0,PigTail,PigTail Frozen Cheese Pizza,0.0
1017,436,0.0,National,National Small Eggs,0.0
729,586,0.0,Imagine,Imagine Frozen Corn,0.0
657,505,0.0,Bravo,Bravo Fancy Canned Oysters,0.0
454,622,0.0,Red Wing,Red Wing Counter Cleaner,0.0
635,494,0.0,Radius,Radius Corn Puffs,0.0
447,581,0.0,Red Wing,Red Wing C-Size Batteries,0.0
212,533,0.0,High Top,High Top Oranges,0.0
488,475,0.0,Tell Tale,Tell Tale Prepared Salad,0.0
1079,493,0.0,High Quality,High Quality 75 Watt Lightbulb,0.0
531,519,0.0,Fast,Fast Low Fat BBQ Chips,0.0
875,556,0.0,Thresher,Thresher Tasty Candy Bar,0.0
857,474,0.0,Nationeel,Nationeel Cheese Dip,0.0
33,483,0.0,Blue Label,Blue Label Fancy Canned Anchovies,0.0
518,605,0.0,Tell Tale,Tell Tale Sweet Onion,0.0
604,479,0.0,Landslide,Landslide Tomato Sauce,0.0
1184,558,0.0,Horatio,Horatio Raspberry Fruit Roll,0.0
